file_id,automask|structure_distance,automask|psnr_unedit_part,automask|lpips_unedit_part,automask|mse_unedit_part,automask|ssim_unedit_part,automask|clip_similarity_source_image,automask|clip_similarity_target_image,automask|clip_similarity_target_image_edit_part
000000000000,6.3470736,38.99144744873047,3.171350806951523,1.2614067236427218,96.68781757354736,24.254085540771484,25.925128936767578,25.337297439575195
000000000004,7.8997407,29.487075805664062,45.583341270685196,11.25362585298717,94.4685161113739,27.585750579833984,23.415363311767578,24.187162399291992
000000000009,7.8323503,46.217830657958984,1.5261422377079725,0.23890044758445583,99.6320903301239,26.778465270996094,27.087064743041992,26.108461380004883
000000000014,19.596958,29.64360237121582,20.499255508184433,10.85524563677609,93.79162788391113,19.275184631347656,22.052148818969727,20.36805534362793
000000000018,9.141283,36.08232498168945,6.443824619054794,2.4647172540426254,96.9966173171997,26.482135772705078,30.423904418945312,26.363143920898438
000000000023,2.0256555,30.422039031982422,16.627516597509384,9.073942783288658,85.94568967819214,25.0826473236084,26.33674430847168,25.627792358398438
000000000028,10.37809,nan,nan,nan,nan,25.335756301879883,24.84723472595215,24.84723472595215
000000000032,1.5275099,36.55366134643555,7.05202529206872,2.211228711530566,96.53365015983582,21.087308883666992,18.821895599365234,15.13715934753418
000000000037,0.68097585,25.662677764892578,29.711969196796417,27.147650253027678,82.38887190818787,23.927160263061523,23.713502883911133,14.772483825683594
000000000042,4.581105,38.453208923339844,12.659476138651371,1.427837269147858,96.06754183769226,24.56931495666504,22.26920509338379,22.781810760498047
000000000046,14.425072,nan,nan,nan,nan,25.125455856323242,23.605064392089844,23.605064392089844
000000000051,37.09432,25.268644332885742,39.24676403403282,29.72592832520604,91.06594920158386,28.493249893188477,28.10442352294922,22.964641571044922
000000000056,8.1667185,30.493017196655273,17.020268365740776,8.926850277930498,82.62888193130493,29.572147369384766,33.596290588378906,29.213302612304688
000000000060,2.0904324,42.625396728515625,2.855805680155754,0.5463368506752886,99.0426242351532,26.358322143554688,22.41747283935547,24.15705108642578
000000000065,1.4096124,33.335418701171875,14.229624532163143,4.639359249267727,95.17983794212341,23.795291900634766,24.344676971435547,20.103790283203125
000000000070,0.25769278,nan,nan,nan,nan,27.19322395324707,27.008399963378906,27.008399963378906
000000000074,3.1307514,36.32381820678711,6.244014482945204,2.3314065765589476,97.05957770347595,22.422426223754883,23.205480575561523,24.649085998535156
000000000079,11.657351,nan,nan,nan,nan,25.22629165649414,23.57382583618164,23.57382583618164
000000000084,7.994902,38.7822151184082,4.2205373756587505,1.323665928794071,98.27618598937988,28.826274871826172,27.552949905395508,26.21641731262207
000000000088,0.8356457,24.684772491455078,29.222847893834114,34.003418404608965,70.98324298858643,26.808324813842773,24.788774490356445,16.03302574157715
000000000093,56.29274,41.557403564453125,1.937174703925848,0.6986498920014128,99.43081140518188,23.494312286376953,25.027376174926758,24.980167388916016
000000000098,5.976474,42.69619369506836,5.499561317265034,0.5375023101805709,97.02896475791931,27.847599029541016,20.892230987548828,20.83513069152832
000000000102,3.4820838,38.899009704589844,3.1838666182011366,1.2885431351605803,98.2845664024353,30.448509216308594,22.311676025390625,22.669214248657227
000000000107,0.437399,29.439420700073242,18.19809526205063,11.37778745032847,91.34976267814636,23.623403549194336,23.002737045288086,22.944561004638672
000000000112,1.9587569,26.05428123474121,26.65781043469906,24.806861765682697,88.0766749382019,28.90278434753418,28.114086151123047,26.512807846069336
000000000116,4.005014,31.008708953857422,13.573436066508293,7.927369442768395,95.52130699157715,27.407424926757812,21.425395965576172,11.715097427368164
000000000121,17.687359,nan,nan,nan,nan,31.36351776123047,28.496057510375977,28.496057510375977
000000000126,27.453321,nan,nan,nan,nan,22.226985931396484,29.402156829833984,29.402156829833984
000000000130,2.6767976,38.102027893066406,6.322047673165798,1.5480931324418634,97.82737493515015,29.824501037597656,30.685466766357422,23.13141441345215
000000000135,3.035431,37.13515853881836,8.19380208849907,1.9341228471603245,97.34557867050171,27.799617767333984,27.2026424407959,24.573427200317383
111000000000,25.769222,22.774385452270508,71.61130011081696,52.79118660837412,84.5991313457489,23.034358978271484,19.261178970336914,17.69904899597168
111000000004,0.19482186,31.23908805847168,8.077943697571754,7.517805206589401,93.75758171081543,32.126346588134766,28.691314697265625,13.014650344848633
111000000009,21.399502,30.324087142944336,11.083876714110374,9.28092107642442,92.9818868637085,24.936857223510742,22.39796257019043,20.085344314575195
112000000004,0.7748906,33.7667350769043,6.746744737029076,4.20074473368004,96.2092399597168,25.950183868408203,23.47520637512207,16.978946685791016
112000000008,2.8265464,34.831329345703125,7.749675307422876,3.287508152425289,97.1192717552185,30.590932846069336,23.062837600708008,28.053298950195312
113000000003,2.5577085,37.83357620239258,7.484307512640953,1.6468053217977285,97.76662588119507,26.26559829711914,26.12539291381836,25.165206909179688
113000000008,8.633316,29.865915298461914,12.484882026910782,10.313554666936398,92.5724744796753,26.083946228027344,26.045455932617188,29.345733642578125
114000000002,0.29658273,36.71118927001953,8.838565088808537,2.1324596309568733,96.73439264297485,26.985586166381836,22.055700302124023,20.806760787963867
114000000007,5.6377254,31.21596908569336,11.648817919194698,7.557931821793318,92.34461784362793,26.927757263183594,23.185400009155273,20.947250366210938
121000000002,8.914178,28.458934783935547,22.688213735818863,14.259567251428962,83.61670970916748,23.946714401245117,24.980878829956055,25.910938262939453
121000000007,17.19415,38.592960357666016,5.391176324337721,1.3826224312651902,98.15473556518555,25.938459396362305,24.321290969848633,21.355361938476562
122000000001,7.1229925,32.71398162841797,12.614483013749123,5.353052983991802,96.10246419906616,23.77091407775879,21.145694732666016,20.732746124267578
122000000006,4.519239,33.152103424072266,8.75809881836176,4.839378234464675,94.38680410385132,29.633272171020508,25.792037963867188,21.15935516357422
123000000001,0.64274454,43.021671295166016,13.883882202208042,0.49869257054524496,98.52286577224731,26.40603256225586,21.514156341552734,16.91819190979004
123000000005,2.1070037,27.34001350402832,37.468962371349335,18.450090428814292,88.69901895523071,23.043977737426758,16.957456588745117,15.832051277160645
124000000000,5.680765,36.73666000366211,9.412718005478382,2.1199893672019243,97.39434123039246,26.313907623291016,22.109390258789062,20.504369735717773
124000000005,0.4528721,32.58583068847656,24.657078087329865,5.513368523679674,89.14902210235596,28.16678810119629,25.245746612548828,23.136180877685547
211000000000,3.333939,40.14656448364258,3.418282140046358,0.966815059655346,98.42063188552856,27.898239135742188,26.83477020263672,26.098072052001953
211000000004,11.232107,nan,nan,nan,nan,29.888212203979492,33.28105163574219,33.28105163574219
211000000009,2.460693,40.34512710571289,3.739946987479925,0.9236066398443654,98.41687679290771,32.233619689941406,30.911176681518555,32.26220703125
212000000004,0.39987773,34.887149810791016,4.611932206898928,3.245524421799928,98.09683561325073,27.7395076751709,22.1805477142334,12.34388542175293
212000000008,11.075103,nan,nan,nan,nan,18.980731964111328,20.212482452392578,20.212482452392578
213000000003,26.66827,nan,nan,nan,nan,25.329116821289062,27.694156646728516,27.694156646728516
213000000008,1.6649858,32.30204772949219,13.843536376953125,5.885656573809683,94.1811203956604,24.974472045898438,24.074180603027344,19.285476684570312
214000000002,8.116726,32.510101318359375,27.884628623723984,5.610348307527602,97.57263660430908,28.13837242126465,27.990436553955078,25.674158096313477
214000000007,21.891397,nan,nan,nan,nan,23.678991317749023,29.38894271850586,29.38894271850586
221000000002,0.51397526,37.02473068237305,9.504320099949837,1.983932452276349,94.77261900901794,26.683156967163086,27.42523193359375,24.633655548095703
221000000007,4.3168187,nan,nan,nan,nan,27.699220657348633,24.33072853088379,24.33072853088379
222000000001,2.169696,41.648765563964844,3.904455341398716,0.684105689288117,99.14013743400574,23.354278564453125,22.638198852539062,22.57387351989746
222000000006,0.80247015,39.626678466796875,7.867816835641861,1.089762881747447,97.80482053756714,17.99535369873047,20.199434280395508,20.91328239440918
223000000001,0.15383826,44.339508056640625,5.086351186037064,0.36817033105762675,99.54118728637695,25.897180557250977,25.309553146362305,22.354095458984375
223000000005,8.9563465,nan,nan,nan,nan,21.244783401489258,23.102571487426758,23.102571487426758
224000000000,3.199386,43.76095199584961,4.498700145632029,0.4206341691315174,99.05819892883301,25.185997009277344,22.581287384033203,21.8032283782959
224000000005,1.694159,41.93781280517578,5.506702233105898,0.6400564598152414,99.26650524139404,27.30318260192871,33.42683792114258,27.78223419189453
311000000000,4.172749,33.426631927490234,11.3867511972785,4.54293709481135,98.45770597457886,28.34686279296875,22.414758682250977,12.513915061950684
311000000004,0.34684643,33.45681381225586,6.726675666868687,4.511474107857794,96.98261022567749,32.335941314697266,31.979846954345703,21.126916885375977
311000000009,2.3662777,42.24884796142578,4.687681794166565,0.5958198744338006,94.87945437431335,25.653827667236328,25.22425079345703,23.539329528808594
312000000004,1.8733311,33.52666091918945,8.231925778090954,4.439498006831855,97.43708968162537,33.54439163208008,26.08892250061035,15.792454719543457
312000000008,0.15254311,30.69108009338379,10.374649427831173,8.528878097422421,93.004310131073,25.897621154785156,23.95212173461914,12.29423999786377
313000000003,0.64371085,25.820842742919922,26.020538061857224,26.17674646899104,81.1058521270752,24.440221786499023,22.815641403198242,18.752988815307617
313000000008,2.681608,33.175540924072266,10.114174336194992,4.813331179320812,95.22051811218262,26.677942276000977,26.924657821655273,9.684822082519531
314000000002,2.129319,36.82676315307617,7.868511602282524,2.0764586224686354,97.87759780883789,25.91021728515625,24.73820686340332,20.080049514770508
314000000007,3.497947,29.737720489501953,20.556729286909103,10.62252908013761,88.31583261489868,22.87525749206543,22.281774520874023,18.287160873413086
321000000002,4.179536,31.873580932617188,4.2708879336714745,6.495934794656932,98.52840304374695,28.56386375427246,28.602161407470703,28.927034378051758
321000000007,8.987831,32.258018493652344,17.5304152071476,5.945630255155265,93.25132369995117,30.77129364013672,18.957338333129883,19.86321258544922
322000000001,0.4568541,37.347381591796875,8.790748193860054,1.841880875872448,97.04971313476562,24.407901763916016,23.90296745300293,8.747756958007812
322000000006,1.2448282,37.40003204345703,4.17640246450901,1.819686294766143,97.91890978813171,26.285850524902344,14.84531307220459,12.810507774353027
323000000001,3.474219,30.85144805908203,17.363114282488823,8.219683659262955,93.78393888473511,31.299745559692383,30.465946197509766,7.606561660766602
323000000005,0.50118023,29.038543701171875,14.407077804207802,12.478010030463338,94.45773959159851,25.02486801147461,25.060039520263672,26.672340393066406
324000000000,11.436952,39.14559555053711,5.988973658531904,1.2174188304925337,96.31470441818237,29.483165740966797,18.331592559814453,19.125240325927734
324000000005,0.86096966,29.299894332885742,16.423439607024193,11.749258264899254,92.1144962310791,29.44573974609375,29.510438919067383,18.373199462890625
411000000000,0.27212065,29.891193389892578,7.797827012836933,10.25369856506586,96.441650390625,30.818017959594727,31.187040328979492,19.074974060058594
411000000004,5.7042127,32.92549514770508,8.036135695874691,5.0985917914658785,95.01833915710449,32.44638442993164,27.391386032104492,18.64500617980957
412000000003,0.21648209,37.31123733520508,11.309072375297546,1.8572749104350805,94.25764083862305,25.79702377319336,28.064424514770508,21.583660125732422
413000000003,2.8906314,27.415800094604492,31.681790947914124,18.130921525880694,90.31776785850525,29.29642105102539,22.30511474609375,17.765586853027344
414000000002,8.53832,33.593807220458984,3.9199385792016983,4.37138689449057,97.76245951652527,27.00579833984375,25.64299774169922,22.173891067504883
421000000002,3.890402,37.81578826904297,7.377601228654385,1.6535649774596095,97.8017807006836,27.968469619750977,24.754350662231445,24.993452072143555
422000000001,4.320572,29.68488883972168,22.301556542515755,10.752538219094276,94.34956312179565,25.542842864990234,22.2012996673584,19.44654655456543
423000000001,0.75231445,28.602962493896484,14.010055921971798,13.794427504763007,86.45685911178589,30.232746124267578,29.540325164794922,25.402074813842773
424000000000,96.98597,29.448017120361328,20.09783498942852,11.355289025232196,86.99126243591309,24.0800838470459,22.23991584777832,21.00142478942871
511000000000,0.24162091,43.332313537597656,0.7572083850391209,0.46426779590547085,99.88019466400146,25.67310333251953,22.60031509399414,21.542076110839844
511000000004,5.72684,28.86191177368164,14.651364646852016,12.995974393561482,83.87470245361328,26.124969482421875,26.715373992919922,21.497737884521484
512000000003,0.51431274,31.334514617919922,17.6633819937706,7.354419794864953,91.49100184440613,26.121341705322266,25.519062042236328,17.66691780090332
513000000003,0.4773955,34.38507843017578,8.810367435216904,3.643274831119925,95.03759741783142,29.453468322753906,28.020339965820312,8.329365730285645
514000000002,1.8427187,23.01241111755371,29.99262511730194,49.97568670660257,78.60552668571472,31.74614906311035,31.200885772705078,19.442197799682617
521000000002,2.7854178,33.662559509277344,10.878130793571472,4.302728048060089,95.18879652023315,26.390853881835938,26.60601043701172,25.233055114746094
522000000001,0.9067042,29.984535217285156,22.84141816198826,10.03566780127585,88.98804187774658,28.718433380126953,29.140907287597656,12.499505043029785
523000000001,21.633455,34.85582733154297,2.3140902630984783,3.2690164516679943,97.76086807250977,29.70280647277832,29.63167953491211,27.88543701171875
524000000000,13.958236,nan,nan,nan,nan,23.603721618652344,24.90108871459961,24.90108871459961
611000000000,6.8287287,39.70188903808594,4.761266987770796,1.0710533388191834,98.38147163391113,23.634122848510742,21.20212745666504,14.889171600341797
611000000004,26.949308,32.41802215576172,38.36343437433243,5.730565753765404,74.0092396736145,31.309154510498047,29.661846160888672,21.853004455566406
612000000003,1.5064404,33.59882354736328,8.504513651132584,4.366340581327677,96.7489242553711,30.59217643737793,24.678701400756836,17.660137176513672
613000000003,3.8542688,34.54668426513672,9.504597634077072,3.5101952380500734,94.71343755722046,24.854360580444336,23.26970100402832,23.646217346191406
614000000002,11.100831,43.02655792236328,4.5474255457520485,0.4981318488717079,99.23922419548035,20.62757682800293,21.455657958984375,22.20608139038086
621000000002,4.2779517,34.97705841064453,6.6774082370102406,3.179027989972383,97.73052930831909,23.108123779296875,23.14767074584961,20.233306884765625
622000000001,1.3364964,29.29046630859375,21.432099863886833,11.774789309129119,91.57620668411255,23.359045028686523,20.037948608398438,16.737525939941406
623000000001,0.7565977,35.43381881713867,12.743880040943623,2.8616594499908388,93.85451674461365,26.06874656677246,26.255786895751953,23.837026596069336
624000000000,5.8836308,34.71306228637695,11.502383276820183,3.3782643731683493,97.54347205162048,23.12819480895996,23.805389404296875,24.946006774902344
711000000000,18.354092,42.47139358520508,0.623330008238554,0.5660573879140429,99.87949132919312,24.531042098999023,29.81781005859375,26.0162296295166
711000000004,6.136119,39.78622055053711,5.742873065173626,1.0504556848900393,99.02751445770264,24.09305191040039,22.851938247680664,23.991464614868164
712000000003,4.1545315,36.579490661621094,10.34263614565134,2.1981174359098077,97.33680486679077,27.619487762451172,33.33425521850586,28.598386764526367
713000000003,6.7710896,31.913240432739258,16.888195648789406,6.436884868890047,92.80937910079956,22.816511154174805,25.9094295501709,20.248767852783203
714000000002,0.7646659,31.729700088500977,16.961339861154556,6.714750197716057,93.21460723876953,28.545677185058594,27.52263641357422,21.158788681030273
721000000002,4.4202185,32.68297576904297,11.85525581240654,5.391408922150731,94.26042437553406,28.330469131469727,28.997928619384766,26.699155807495117
722000000001,4.5428767,41.49668502807617,2.279810141772032,0.7084862591000274,99.16243553161621,20.62944793701172,14.66724681854248,15.890695571899414
723000000001,6.9882116,32.47718048095703,12.376904487609863,5.6530366418883204,94.31779384613037,24.87190055847168,26.60798454284668,15.545323371887207
724000000000,7.424514,42.22772979736328,4.171125590801239,0.598724145675078,99.3914783000946,24.01203155517578,24.60725975036621,24.221235275268555
811000000000,0.4679281,34.0538215637207,5.690827965736389,3.9320377982221544,97.41504192352295,22.558290481567383,18.602462768554688,11.880254745483398
811000000004,13.617724,31.236740112304688,9.62685514241457,7.521870429627597,95.79963088035583,30.465423583984375,27.180810928344727,27.88306999206543
811000000009,6.202876,27.955442428588867,11.78132463246584,16.01237221620977,95.93037366867065,26.628376007080078,25.922164916992188,18.13899803161621
812000000004,8.856873,25.00544548034668,51.36193335056305,31.583153177052736,90.79977869987488,23.246715545654297,22.241119384765625,18.055822372436523
812000000008,20.674107,32.914817810058594,9.271468967199326,5.111145437695086,97.09862470626831,21.43265151977539,23.196155548095703,23.913925170898438
813000000003,37.106255,36.11491394042969,6.595348939299583,2.4462942383252084,94.7894036769867,23.20154571533203,24.128957748413086,24.91655731201172
813000000008,9.601906,28.018022537231445,21.393731236457825,15.783295966684818,93.27139258384705,27.096891403198242,24.905851364135742,15.670575141906738
814000000002,1.6376495,40.765010833740234,3.0771861784160137,0.8384920511161909,99.53989386558533,26.461748123168945,24.31536293029785,23.582462310791016
814000000007,0.571801,35.19334030151367,8.260000497102737,3.024586185347289,96.19521498680115,25.414852142333984,21.052444458007812,21.252044677734375
821000000002,13.84514,nan,nan,nan,nan,24.20464515686035,22.317522048950195,22.317522048950195
821000000007,4.0965114,29.31035041809082,20.98585106432438,11.721003102138638,94.98741030693054,25.934499740600586,25.421281814575195,21.484071731567383
822000000001,4.0076475,30.890993118286133,12.976710684597492,8.145173196680844,93.48031282424927,28.7869930267334,28.136947631835938,26.940876007080078
822000000006,16.256372,33.924922943115234,7.509168237447739,4.05049097025767,96.7256486415863,20.71031379699707,21.31119155883789,29.34005355834961
823000000001,16.919771,23.817302703857422,36.76098957657814,41.521163657307625,85.90266108512878,25.536043167114258,26.2296142578125,24.741670608520508
823000000005,5.1622925,21.74392318725586,54.27110195159912,66.92795548588037,85.63758730888367,24.226858139038086,21.787372589111328,17.901241302490234
824000000000,8.546185,27.574153900146484,26.574447751045227,17.481729155406356,96.06614112854004,20.871505737304688,21.342830657958984,21.408470153808594
824000000005,9.079074,34.87944793701172,4.143798723816872,3.2512846519239247,98.18007946014404,28.45729637145996,29.594022750854492,22.560766220092773
911000000000,8.405642,nan,nan,nan,nan,27.278310775756836,30.174097061157227,30.174097061157227
911000000004,6.47784,nan,nan,nan,nan,25.435728073120117,28.689170837402344,28.689170837402344
911000000009,15.263073,nan,nan,nan,nan,24.25992202758789,28.080541610717773,28.080541610717773
912000000004,15.813781,nan,nan,nan,nan,27.654569625854492,25.975019454956055,25.975019454956055
912000000008,25.761595,nan,nan,nan,nan,24.912675857543945,30.477922439575195,30.477922439575195
913000000003,28.980572,nan,nan,nan,nan,19.77992820739746,25.510427474975586,25.510427474975586
913000000008,10.818281,nan,nan,nan,nan,27.44658660888672,28.549760818481445,28.549760818481445
914000000002,6.765392,nan,nan,nan,nan,24.19037437438965,25.87546730041504,25.87546730041504
914000000007,17.848331,nan,nan,nan,nan,24.09084701538086,25.199901580810547,25.199901580810547
921000000002,23.924845,nan,nan,nan,nan,33.42213439941406,33.49922180175781,33.49922180175781
921000000007,39.833973,nan,nan,nan,nan,28.384096145629883,29.748661041259766,29.748661041259766
922000000001,43.70849,nan,nan,nan,nan,25.032155990600586,32.55093765258789,32.55093765258789
922000000006,13.362945,nan,nan,nan,nan,22.14920997619629,25.47016716003418,25.47016716003418
923000000001,7.554296,nan,nan,nan,nan,20.079004287719727,20.196260452270508,20.196260452270508
923000000005,9.409805,nan,nan,nan,nan,26.262062072753906,24.524730682373047,24.524730682373047
924000000000,17.030846,nan,nan,nan,nan,24.67119598388672,24.27082061767578,24.27082061767578
924000000005,8.643404,nan,nan,nan,nan,26.007301330566406,26.848358154296875,26.848358154296875
