file_id,directedit_pixpaste|structure_distance,directedit_pixpaste|psnr_unedit_part,directedit_pixpaste|lpips_unedit_part,directedit_pixpaste|mse_unedit_part,directedit_pixpaste|ssim_unedit_part,directedit_pixpaste|clip_similarity_source_image,directedit_pixpaste|clip_similarity_target_image,directedit_pixpaste|clip_similarity_target_image_edit_part
000000000000,15.933089,inf,0.0,0.0,100.0,24.254085540771484,25.123294830322266,24.156803131103516
000000000004,16.499084,inf,0.0,0.0,100.0,27.585750579833984,27.168184280395508,25.347402572631836
000000000009,8.38361,inf,0.0,0.0,99.99228715896606,26.778465270996094,27.043622970581055,25.750911712646484
000000000014,5.7515526,inf,0.0,0.0,99.99999403953552,19.275184631347656,22.10551643371582,20.594907760620117
000000000018,9.943631,inf,0.0,0.0,99.99994039535522,26.482135772705078,29.17223358154297,26.51578712463379
000000000023,2.8854904,inf,0.0,0.0,99.99994039535522,25.0826473236084,26.4130802154541,23.409832000732422
000000000028,10.37809,nan,nan,nan,nan,25.335756301879883,24.84723472595215,24.84723472595215
000000000032,1.4743073,inf,0.0,0.0,100.0,21.087308883666992,17.654281616210938,15.332807540893555
000000000037,0.41034272,inf,0.0,0.0,99.99980926513672,23.927160263061523,23.0687198638916,19.74677085876465
000000000042,8.033174,inf,0.0,0.0,100.0,24.56931495666504,20.976511001586914,23.283063888549805
000000000046,14.425072,nan,nan,nan,nan,25.125455856323242,23.605064392089844,23.605064392089844
000000000051,9.814105,inf,0.0,0.0,100.0,28.493249893188477,27.444149017333984,23.012929916381836
000000000056,7.1524158,inf,0.0,0.0,100.0,29.572147369384766,33.56494903564453,27.347055435180664
000000000060,2.0767145,inf,0.0,0.0,100.0,26.358322143554688,23.006988525390625,23.86029624938965
000000000065,1.4316328,inf,0.0,0.0,100.0,23.795291900634766,23.594308853149414,19.84861183166504
000000000070,0.25769278,nan,nan,nan,nan,27.19322395324707,27.008399963378906,27.008399963378906
000000000074,3.4048796,inf,0.0,0.0,100.0,22.422426223754883,22.781661987304688,24.010744094848633
000000000079,11.657351,nan,nan,nan,nan,25.22629165649414,23.57382583618164,23.57382583618164
000000000084,10.548721,inf,0.0,0.0,100.0,28.826274871826172,26.710229873657227,24.476293563842773
000000000088,1.0945078,inf,0.0,0.0,100.0,26.808324813842773,29.976909637451172,20.66909408569336
000000000093,59.208153,inf,0.0,0.0,99.9982237815857,23.494312286376953,26.417245864868164,25.332874298095703
000000000098,6.9165363,inf,0.0,0.0,100.0,27.847599029541016,20.798154830932617,20.54222297668457
000000000102,5.9485936,inf,0.0,0.0,100.0,30.448509216308594,23.413389205932617,24.163543701171875
000000000107,0.32399824,inf,0.0,0.0,99.99811053276062,23.623403549194336,21.8631534576416,22.475284576416016
000000000112,1.9275234,inf,0.0,0.0,100.0,28.90278434753418,29.17570686340332,26.47286605834961
000000000116,5.9865766,inf,0.0,0.0,99.97793436050415,27.407424926757812,21.43779754638672,16.138280868530273
000000000121,17.687359,nan,nan,nan,nan,31.36351776123047,28.496057510375977,28.496057510375977
000000000126,27.453321,nan,nan,nan,nan,22.226985931396484,29.402156829833984,29.402156829833984
000000000130,2.8927925,inf,0.0,0.0,99.9998688697815,29.824501037597656,30.81757354736328,24.414522171020508
000000000135,3.0150113,inf,0.0,0.0,100.0,27.799617767333984,26.893489837646484,23.381420135498047
111000000000,16.0484,inf,0.0,0.0,99.99998807907104,23.034358978271484,17.69766616821289,17.638883590698242
111000000004,0.092917204,inf,0.0,0.0,99.99549388885498,32.126346588134766,28.473773956298828,13.393709182739258
111000000009,21.936392,inf,0.0,0.0,99.99713897705078,24.936857223510742,23.036380767822266,21.04121208190918
112000000004,1.8764602,inf,0.0,0.0,100.0,25.950183868408203,22.447702407836914,16.378612518310547
112000000008,4.183162,inf,0.0,0.0,99.99998807907104,30.590932846069336,22.942176818847656,27.996870040893555
113000000003,5.2491245,inf,0.0,0.0,100.0,26.26559829711914,25.413862228393555,26.59311294555664
113000000008,10.490278,inf,0.0,0.0,100.0,26.083946228027344,23.54986572265625,26.212125778198242
114000000002,0.6199489,inf,0.0,0.0,99.99998807907104,26.985586166381836,22.163286209106445,20.237337112426758
114000000007,5.3976154,inf,0.0,0.0,100.0,26.927757263183594,23.655122756958008,21.115938186645508
121000000002,9.382429,inf,0.0,0.0,100.0,23.946714401245117,25.752349853515625,24.861528396606445
121000000007,20.208677,inf,0.0,0.0,100.0,25.938459396362305,17.87295913696289,16.63402557373047
122000000001,9.33903,inf,0.0,0.0,100.0,23.77091407775879,20.4696044921875,21.10193634033203
122000000006,15.155434,inf,0.0,0.0,100.0,29.633272171020508,31.307458877563477,24.670948028564453
123000000001,3.4820719,inf,0.0,0.0,100.0,26.40603256225586,20.710861206054688,20.52385902404785
123000000005,4.9988546,inf,0.0,0.0,100.0,23.043977737426758,24.98248291015625,24.554872512817383
124000000000,10.708667,inf,0.0,0.0,99.99992847442627,26.313907623291016,21.143878936767578,18.842405319213867
124000000005,0.16741812,inf,0.0,0.0,100.0,28.16678810119629,24.6972599029541,22.33827018737793
211000000000,9.726973,inf,0.0,0.0,99.99999403953552,27.898239135742188,32.4667854309082,31.5770206451416
211000000004,11.232107,nan,nan,nan,nan,29.888212203979492,33.28105163574219,33.28105163574219
211000000009,10.792004,inf,0.0,0.0,100.0,32.233619689941406,31.829347610473633,31.915372848510742
212000000004,0.35357767,inf,0.0,0.0,99.96371269226074,27.7395076751709,22.1761531829834,12.157964706420898
212000000008,11.075103,nan,nan,nan,nan,18.980731964111328,20.212482452392578,20.212482452392578
213000000003,26.66827,nan,nan,nan,nan,25.329116821289062,27.694156646728516,27.694156646728516
213000000008,3.2892694,inf,0.0,0.0,100.0,24.974472045898438,23.702468872070312,21.126201629638672
214000000002,4.6667933,inf,0.0,0.0,99.99895095825195,28.13837242126465,27.720975875854492,25.44679069519043
214000000007,21.891397,nan,nan,nan,nan,23.678991317749023,29.38894271850586,29.38894271850586
221000000002,1.900581,inf,0.0,0.0,99.99984502792358,26.683156967163086,25.700410842895508,21.851490020751953
221000000007,4.3168187,nan,nan,nan,nan,27.699220657348633,24.33072853088379,24.33072853088379
222000000001,4.9769254,inf,0.0,0.0,99.99939203262329,23.354278564453125,22.792387008666992,20.664031982421875
222000000006,1.3066232,inf,0.0,0.0,100.0,17.99535369873047,19.718334197998047,19.871368408203125
223000000001,0.22945619,inf,0.0,0.0,99.99217987060547,25.897180557250977,26.34454917907715,22.240070343017578
223000000005,8.9563465,nan,nan,nan,nan,21.244783401489258,23.102571487426758,23.102571487426758
224000000000,10.953237,inf,0.0,0.0,99.99804496765137,25.185997009277344,25.926441192626953,25.23969078063965
224000000005,4.828419,inf,0.0,0.0,99.9997615814209,27.30318260192871,35.16712188720703,31.486648559570312
311000000000,3.9174683,inf,0.0,0.0,99.99954104423523,28.34686279296875,21.615982055664062,13.57377815246582
311000000004,0.49808696,inf,0.0,0.0,99.96495246887207,32.335941314697266,31.497770309448242,20.56870460510254
311000000009,4.759179,inf,0.0,0.0,100.0,25.653827667236328,25.140151977539062,22.5822811126709
312000000004,1.5953143,inf,0.0,0.0,99.95965361595154,33.54439163208008,25.399351119995117,16.64369773864746
312000000008,0.10871184,inf,0.0,0.0,99.99867677688599,25.897621154785156,22.291227340698242,12.798304557800293
313000000003,0.25409696,inf,0.0,0.0,100.0,24.440221786499023,23.25499153137207,20.056358337402344
313000000008,2.4992163,inf,0.0,0.0,100.0,26.677942276000977,25.93153953552246,11.076152801513672
314000000002,4.439031,inf,0.0,0.0,99.99998807907104,25.91021728515625,26.482194900512695,16.812984466552734
314000000007,4.0427823,inf,0.0,0.0,99.99998807907104,22.87525749206543,22.179691314697266,19.016822814941406
321000000002,3.8657181,inf,0.0,0.0,100.0,28.56386375427246,28.753435134887695,26.614730834960938
321000000007,10.460333,inf,0.0,0.0,100.0,30.77129364013672,20.549236297607422,19.10944366455078
322000000001,0.20363525,inf,0.0,0.0,100.0,24.407901763916016,22.976600646972656,8.143081665039062
322000000006,1.5489378,inf,0.0,0.0,99.99910593032837,26.285850524902344,14.795012474060059,12.657987594604492
323000000001,4.041026,inf,0.0,0.0,100.0,31.299745559692383,30.582639694213867,13.329948425292969
323000000005,1.9258546,inf,0.0,0.0,100.0,25.02486801147461,26.97053337097168,26.994197845458984
324000000000,10.224204,inf,0.0,0.0,100.0,29.483165740966797,18.955427169799805,18.509748458862305
324000000005,0.6456957,inf,0.0,0.0,100.0,29.44573974609375,29.07084846496582,18.743621826171875
411000000000,0.04777777,inf,0.0,0.0,99.96163249015808,30.818017959594727,29.59357452392578,19.01934051513672
411000000004,10.973751,inf,0.0,0.0,100.0,32.44638442993164,30.040559768676758,19.502235412597656
412000000003,0.114818014,inf,0.0,0.0,99.99998807907104,25.79702377319336,28.791645050048828,20.890766143798828
413000000003,7.0925164,inf,0.0,0.0,100.0,29.29642105102539,21.541046142578125,19.838029861450195
414000000002,8.335053,inf,0.0,0.0,100.0,27.00579833984375,25.662208557128906,22.166603088378906
421000000002,3.9123645,inf,0.0,0.0,99.9998927116394,27.968469619750977,24.44016456604004,24.503948211669922
422000000001,2.0620112,inf,0.0,0.0,99.99998807907104,25.542842864990234,22.007312774658203,19.149442672729492
423000000001,0.92518157,inf,0.0,0.0,100.0,30.232746124267578,27.38736343383789,20.854528427124023
424000000000,172.79721,inf,0.0,0.0,100.0,24.0800838470459,21.280139923095703,21.189308166503906
511000000000,0.8091857,inf,0.0,0.0,99.94782209396362,25.67310333251953,22.0551700592041,21.694963455200195
511000000004,4.505138,inf,0.0,0.0,99.9994695186615,26.124969482421875,26.3704891204834,20.849525451660156
512000000003,0.32384628,inf,0.0,0.0,99.99868273735046,26.121341705322266,26.479286193847656,16.858963012695312
513000000003,0.930639,inf,0.0,0.0,100.0,29.453468322753906,28.742456436157227,11.651853561401367
514000000002,1.5623617,inf,0.0,0.0,100.0,31.74614906311035,30.334537506103516,20.3701229095459
521000000002,5.107606,inf,0.0,0.0,100.0,26.390853881835938,25.585037231445312,26.095108032226562
522000000001,2.1034493,inf,0.0,0.0,100.0,28.718433380126953,26.731962203979492,7.412278652191162
523000000001,28.611574,inf,0.0,0.0,100.0,29.70280647277832,31.251081466674805,29.718435287475586
524000000000,13.958236,nan,nan,nan,nan,23.603721618652344,24.90108871459961,24.90108871459961
611000000000,7.920792,inf,0.0,0.0,99.99998807907104,23.634122848510742,19.83601951599121,13.801355361938477
611000000004,14.271926,inf,0.0,0.0,100.0,31.309154510498047,28.5394344329834,22.13853645324707
612000000003,0.8425917,inf,0.0,0.0,100.0,30.59217643737793,24.678951263427734,17.91358757019043
613000000003,3.7094772,inf,0.0,0.0,100.0,24.854360580444336,23.338274002075195,24.726757049560547
614000000002,12.560043,inf,0.0,0.0,99.99992251396179,20.62757682800293,22.436922073364258,22.4931640625
621000000002,4.3602333,inf,0.0,0.0,99.99434351921082,23.108123779296875,21.67927360534668,21.217988967895508
622000000001,2.5492516,inf,0.0,0.0,100.0,23.359045028686523,21.740541458129883,20.477779388427734
623000000001,1.8001974,inf,0.0,0.0,99.99999403953552,26.06874656677246,26.987350463867188,23.485231399536133
624000000000,5.843405,inf,0.0,0.0,100.0,23.12819480895996,23.844703674316406,25.611055374145508
711000000000,19.900436,inf,0.0,0.0,99.99974966049194,24.531042098999023,28.539052963256836,25.892501831054688
711000000004,8.54584,inf,0.0,0.0,99.99992251396179,24.09305191040039,24.9234619140625,24.21442985534668
712000000003,5.4367514,inf,0.0,0.0,99.99997019767761,27.619487762451172,34.61601638793945,27.85913848876953
713000000003,8.862607,inf,0.0,0.0,99.99977350234985,22.816511154174805,25.77288055419922,21.423717498779297
714000000002,0.39071098,inf,0.0,0.0,99.99994039535522,28.545677185058594,27.04584503173828,22.037128448486328
721000000002,5.6567354,inf,0.0,0.0,99.99998807907104,28.330469131469727,28.346147537231445,27.367759704589844
722000000001,5.175076,inf,0.0,0.0,99.99957084655762,20.62944793701172,14.408132553100586,17.70545196533203
723000000001,8.122574,inf,0.0,0.0,100.0,24.87190055847168,27.245723724365234,17.715675354003906
724000000000,13.2632,inf,0.0,0.0,99.99994039535522,24.01203155517578,23.441892623901367,24.393707275390625
811000000000,1.1619126,inf,0.0,0.0,99.99302625656128,22.558290481567383,18.920166015625,8.165660858154297
811000000004,14.95609,inf,0.0,0.0,100.0,30.465423583984375,26.65934181213379,28.209697723388672
811000000009,4.951738,inf,0.0,0.0,99.99622106552124,26.628376007080078,26.358362197875977,18.222034454345703
812000000004,4.955665,inf,0.0,0.0,99.99998807907104,23.246715545654297,20.716693878173828,18.580806732177734
812000000008,23.508604,inf,0.0,0.0,100.0,21.43265151977539,25.22341537475586,27.324766159057617
813000000003,35.841465,inf,0.0,0.0,100.0,23.20154571533203,24.147829055786133,25.289785385131836
813000000008,2.350131,inf,0.0,0.0,100.0,27.096891403198242,23.995912551879883,15.761746406555176
814000000002,4.6758003,inf,0.0,0.0,99.99995231628418,26.461748123168945,23.190349578857422,23.13312530517578
814000000007,0.62621135,inf,0.0,0.0,99.99997019767761,25.414852142333984,19.473501205444336,21.85004997253418
821000000002,13.84514,nan,nan,nan,nan,24.20464515686035,22.317522048950195,22.317522048950195
821000000007,3.3682485,inf,0.0,0.0,99.99961853027344,25.934499740600586,24.566558837890625,21.113277435302734
822000000001,4.140897,inf,0.0,0.0,100.0,28.7869930267334,28.56496810913086,26.26995086669922
822000000006,13.377995,inf,0.0,0.0,100.0,20.71031379699707,20.586023330688477,29.03847312927246
823000000001,27.512037,inf,0.0,0.0,100.0,25.536043167114258,26.90994644165039,23.60035514831543
823000000005,18.874403,inf,0.0,0.0,99.99998807907104,24.226858139038086,22.58707618713379,20.942747116088867
824000000000,8.843127,inf,0.0,0.0,99.99963641166687,20.871505737304688,27.30021095275879,27.508487701416016
824000000005,8.851453,inf,0.0,0.0,100.0,28.45729637145996,28.842376708984375,22.232215881347656
911000000000,8.405642,nan,nan,nan,nan,27.278310775756836,30.174097061157227,30.174097061157227
911000000004,6.47784,nan,nan,nan,nan,25.435728073120117,28.689170837402344,28.689170837402344
911000000009,15.263073,nan,nan,nan,nan,24.25992202758789,28.080541610717773,28.080541610717773
912000000004,15.813781,nan,nan,nan,nan,27.654569625854492,25.975019454956055,25.975019454956055
912000000008,25.761595,nan,nan,nan,nan,24.912675857543945,30.477922439575195,30.477922439575195
913000000003,28.980572,nan,nan,nan,nan,19.77992820739746,25.510427474975586,25.510427474975586
913000000008,10.818281,nan,nan,nan,nan,27.44658660888672,28.549760818481445,28.549760818481445
914000000002,6.765392,nan,nan,nan,nan,24.19037437438965,25.87546730041504,25.87546730041504
914000000007,17.848331,nan,nan,nan,nan,24.09084701538086,25.199901580810547,25.199901580810547
921000000002,23.924845,nan,nan,nan,nan,33.42213439941406,33.49922180175781,33.49922180175781
921000000007,39.833973,nan,nan,nan,nan,28.384096145629883,29.748661041259766,29.748661041259766
922000000001,43.70849,nan,nan,nan,nan,25.032155990600586,32.55093765258789,32.55093765258789
922000000006,13.362945,nan,nan,nan,nan,22.14920997619629,25.47016716003418,25.47016716003418
923000000001,7.554296,nan,nan,nan,nan,20.079004287719727,20.196260452270508,20.196260452270508
923000000005,9.409805,nan,nan,nan,nan,26.262062072753906,24.524730682373047,24.524730682373047
924000000000,17.030846,nan,nan,nan,nan,24.67119598388672,24.27082061767578,24.27082061767578
924000000005,8.643404,nan,nan,nan,nan,26.007301330566406,26.848358154296875,26.848358154296875
