file_id,dnaedit_gtmask|structure_distance,dnaedit_gtmask|psnr_unedit_part,dnaedit_gtmask|lpips_unedit_part,dnaedit_gtmask|mse_unedit_part,dnaedit_gtmask|ssim_unedit_part,dnaedit_gtmask|clip_similarity_source_image,dnaedit_gtmask|clip_similarity_target_image,dnaedit_gtmask|clip_similarity_target_image_edit_part
000000000000,2.7383134,38.95347213745117,3.2531898468732834,1.2724845146294683,96.70729637145996,24.254085540771484,25.373332977294922,25.489879608154297
000000000004,21.778786,38.244537353515625,5.937790498137474,1.4981182175688446,98.0959415435791,27.585750579833984,28.983524322509766,23.76592445373535
000000000009,11.36781,46.3724365234375,1.4792634174227715,0.2305453563167248,99.63431358337402,26.778465270996094,23.77845573425293,24.511594772338867
000000000014,5.22964,37.736507415771484,9.17647872120142,1.6840267926454544,97.47462272644043,19.275184631347656,21.878938674926758,23.006011962890625
000000000018,3.7805033,36.200992584228516,6.382129155099392,2.398284705122933,97.0038890838623,26.482135772705078,27.848628997802734,23.834726333618164
000000000023,3.626178,30.539615631103516,16.75528660416603,8.831576560623944,85.93477010726929,25.0826473236084,26.595943450927734,25.381484985351562
000000000028,4.8960648,nan,nan,nan,nan,25.335756301879883,23.639245986938477,23.639245986938477
000000000032,1.2378515,37.13390350341797,6.283323280513287,1.9346813496667892,96.63414359092712,21.087308883666992,18.410404205322266,15.03503131866455
000000000037,0.45496434,26.05193519592285,27.805998921394348,24.820256512612104,82.60259628295898,23.927160263061523,23.36836051940918,13.98597240447998
000000000042,1.5023799,38.36009979248047,12.656694278120995,1.4587807527277619,96.05156183242798,24.56931495666504,22.72574806213379,23.22509002685547
000000000046,9.113068,nan,nan,nan,nan,25.125455856323242,24.017934799194336,24.017934799194336
000000000051,6.469655,34.60372543334961,10.477068834006786,3.4643939579837024,96.65743708610535,28.493249893188477,26.993741989135742,23.596405029296875
000000000056,7.493607,30.50135040283203,15.48294723033905,8.909734897315502,84.42519903182983,29.572147369384766,34.22891616821289,29.069778442382812
000000000060,1.9837071,44.88695526123047,1.9493581494316459,0.3245669722673483,99.19826984405518,26.358322143554688,22.60171890258789,23.589757919311523
000000000065,1.4487776,33.28975296020508,14.286601915955544,4.688397457357496,95.17415761947632,23.795291900634766,24.26559829711914,18.587148666381836
000000000070,1.7072328,nan,nan,nan,nan,27.19322395324707,27.256214141845703,27.256214141845703
000000000074,2.3321521,36.49635314941406,6.376149132847786,2.240600879304111,97.0674216747284,22.422426223754883,23.715551376342773,25.244813919067383
000000000079,6.4558086,nan,nan,nan,nan,25.22629165649414,24.533016204833984,24.533016204833984
000000000084,10.9053755,38.173316955566406,4.770972765982151,1.5228893607854843,98.2351005077362,28.826274871826172,28.923410415649414,26.171367645263672
000000000088,1.4005218,24.654695510864258,29.37016636133194,34.23972288146615,70.90668678283691,26.808324813842773,30.643295288085938,22.670299530029297
000000000093,27.305166,39.786983489990234,2.6753656566143036,1.0502713121240959,99.37085509300232,23.494312286376953,25.6325626373291,27.792137145996094
000000000098,12.804843,37.42108154296875,7.786048576235771,1.810889079933986,98.10608625411987,27.847599029541016,23.01736831665039,23.08700180053711
000000000102,7.424379,39.17443084716797,3.2895654439926147,1.2093631085008383,98.28929305076599,30.448509216308594,23.86023712158203,24.171655654907227
000000000107,0.7482321,29.377851486206055,18.41939613223076,11.540234554558992,91.32186770439148,23.623403549194336,23.0989933013916,23.546415328979492
000000000112,2.599239,25.887065887451172,27.310624718666077,25.780608411878347,87.97534704208374,28.90278434753418,28.00733184814453,25.644832611083984
000000000116,2.6329734,31.151771545410156,12.134088203310966,7.6704827370122075,95.68513631820679,27.407424926757812,22.174209594726562,15.872703552246094
000000000121,9.544925,nan,nan,nan,nan,31.36351776123047,30.60440444946289,30.60440444946289
000000000126,12.000409,nan,nan,nan,nan,22.226985931396484,27.29043960571289,27.29043960571289
000000000130,3.4042413,37.76495361328125,7.325991522520781,1.6730329662095755,97.79190421104431,29.824501037597656,30.76799774169922,24.95724105834961
000000000135,2.8511956,36.99162292480469,8.54499265551567,1.9991147564724088,97.3180890083313,27.799617767333984,27.87441635131836,23.285614013671875
111000000000,13.760196,31.177053451538086,8.236507885158062,7.625960861332715,91.95663332939148,23.034358978271484,18.69550132751465,18.94579315185547
111000000004,1.1335915,31.004501342773438,8.652174845337868,7.935052854008973,93.61758232116699,32.126346588134766,30.29895782470703,15.935412406921387
111000000009,15.157789,30.574111938476562,12.710686773061752,8.761705830693245,93.05822849273682,24.936857223510742,23.496801376342773,20.218366622924805
112000000004,2.011042,33.630409240722656,7.259288337081671,4.334701225161552,96.1254358291626,25.950183868408203,23.22034454345703,15.582709312438965
112000000008,2.5421028,35.1921272277832,7.926713675260544,3.0254307785071433,97.13682532310486,30.590932846069336,23.270999908447266,28.924455642700195
113000000003,5.824195,35.03575134277344,9.943665936589241,3.1363515881821513,97.5495994091034,26.26559829711914,26.369735717773438,25.584619522094727
113000000008,7.9171734,29.83241081237793,12.70616427063942,10.393424890935421,92.54568815231323,26.083946228027344,25.695354461669922,28.692890167236328
114000000002,0.94663215,36.652626037597656,8.886070922017097,2.1614103752654046,96.7231035232544,26.985586166381836,23.065502166748047,20.933515548706055
114000000007,9.685134,31.144868850708008,11.786963790655136,7.6826842268928885,92.3180341720581,26.927757263183594,22.946300506591797,21.36636734008789
121000000002,10.950229,28.159162521362305,24.56027641892433,15.278601786121726,83.53187441825867,23.946714401245117,24.585004806518555,25.374671936035156
121000000007,16.267775,37.6046257019043,6.700514815747738,1.7359496268909425,98.05611371994019,25.938459396362305,23.173723220825195,19.127222061157227
122000000001,6.3670483,33.26008224487305,11.8734585121274,4.720539727713913,96.2031364440918,23.77091407775879,21.384504318237305,19.027284622192383
122000000006,16.872377,32.8862190246582,9.968454018235207,5.14491053763777,94.32791471481323,29.633272171020508,29.606586456298828,25.37076187133789
123000000001,0.52043045,42.97819137573242,13.908496126532555,0.5037103619542904,98.51880073547363,26.40603256225586,21.792831420898438,17.04893684387207
123000000005,7.081017,29.959888458251953,18.927866593003273,10.092785814777017,90.55249691009521,23.043977737426758,23.65485191345215,22.244647979736328
124000000000,5.882123,36.76359558105469,9.365562349557877,2.106883766828105,97.32840061187744,26.313907623291016,26.9647274017334,23.32851791381836
124000000005,0.4313943,32.59247970581055,24.580424651503563,5.504933069460094,89.1424834728241,28.16678810119629,27.728580474853516,22.925029754638672
211000000000,17.400253,39.46828079223633,3.8958629593253136,1.130243472289294,98.39708209037781,27.898239135742188,32.69887924194336,31.367942810058594
211000000004,14.225674,nan,nan,nan,nan,29.888212203979492,34.852577209472656,34.852577209472656
211000000009,7.9807415,37.88523864746094,5.068658385425806,1.6273315122816712,98.38168621063232,32.233619689941406,31.855274200439453,30.03791618347168
212000000004,0.4468543,34.73646926879883,6.1423685401678085,3.3601056202314794,98.05450439453125,27.7395076751709,22.318082809448242,13.517573356628418
212000000008,15.194572,nan,nan,nan,nan,18.980731964111328,26.379549026489258,26.379549026489258
213000000003,24.410574,nan,nan,nan,nan,25.329116821289062,27.780384063720703,27.780384063720703
213000000008,2.5364764,32.128173828125,13.93209770321846,6.126074003987014,94.31033134460449,24.974472045898438,24.549175262451172,22.205509185791016
214000000002,7.1573834,32.324283599853516,33.521898090839386,5.855602212250233,97.47604131698608,28.13837242126465,27.39495277404785,24.723207473754883
214000000007,6.547269,nan,nan,nan,nan,23.678991317749023,26.00388526916504,26.00388526916504
221000000002,1.8409885,36.54417419433594,10.029798373579979,2.216066204709932,94.72730159759521,26.683156967163086,27.54703140258789,21.35075569152832
221000000007,13.638833,nan,nan,nan,nan,27.699220657348633,27.452363967895508,27.452363967895508
222000000001,3.0392458,41.615455627441406,3.9007312152534723,0.6893728277646005,99.13860559463501,23.354278564453125,22.8773193359375,22.855684280395508
222000000006,1.9179307,38.561153411865234,8.056640625,1.3927865074947476,97.77931571006775,17.99535369873047,18.686378479003906,19.94221305847168
223000000001,0.8008069,44.24770736694336,5.287820007652044,0.3760357867577113,99.53469038009644,25.897180557250977,27.871826171875,28.707313537597656
223000000005,11.814418,nan,nan,nan,nan,21.244783401489258,24.359050750732422,24.359050750732422
224000000000,3.971899,43.5707893371582,4.52837161719799,0.43946190999122337,99.0507960319519,25.185997009277344,24.11937141418457,23.34136390686035
224000000005,4.269354,40.78536605834961,5.9836264699697495,0.8345709647983313,99.20923113822937,27.30318260192871,32.581058502197266,30.3411865234375
311000000000,2.323599,36.85531234741211,4.036739468574524,2.062853454845026,98.73151779174805,28.34686279296875,21.06143569946289,13.875919342041016
311000000004,0.2085727,33.49434280395508,6.959389429539442,4.472658038139343,96.98006510734558,32.335941314697266,31.86231803894043,19.78649139404297
311000000009,5.1268053,42.132816314697266,5.670382641255856,0.6119533645687625,95.32725214958191,25.653827667236328,25.065982818603516,23.66386604309082
312000000004,1.2617687,35.69485092163086,5.554534960538149,2.6947262813337147,97.69274592399597,33.54439163208008,26.798646926879883,19.389019012451172
312000000008,0.16195998,30.680011749267578,10.468242689967155,8.550643105991185,93.00171732902527,25.897621154785156,23.948101043701172,12.227325439453125
313000000003,0.39443493,26.299043655395508,23.108238354325294,23.44744512811303,81.48394823074341,24.440221786499023,22.934120178222656,20.053752899169922
313000000008,2.6522832,33.13356399536133,10.152091272175312,4.860077460762113,95.19637823104858,26.677942276000977,26.90254783630371,8.133304595947266
314000000002,1.1726282,36.863059997558594,7.70879490301013,2.059179387288168,97.88925051689148,25.91021728515625,25.067270278930664,21.16768455505371
314000000007,2.6650858,29.518657684326172,20.95756307244301,11.172086233273149,88.23950290679932,22.87525749206543,23.492359161376953,17.924394607543945
321000000002,3.3242629,31.577877044677734,4.690708126872778,6.9536385126411915,98.4867811203003,28.56386375427246,28.60649871826172,25.609731674194336
321000000007,8.346767,32.20765686035156,17.553601413965225,6.01497886236757,93.23872327804565,30.77129364013672,18.410175323486328,18.34770393371582
322000000001,0.3537451,37.46171951293945,8.74551385641098,1.794021954992786,97.06052541732788,24.407901763916016,23.80184555053711,8.68942642211914
322000000006,0.4675813,37.464500427246094,4.132370930165052,1.7928746819961816,97.92371988296509,26.285850524902344,14.6311674118042,13.19896411895752
323000000001,2.2405424,33.810218811035156,11.749167926609516,4.158894589636475,94.49180364608765,31.299745559692383,30.626609802246094,10.51909065246582
323000000005,2.2318683,30.317279815673828,11.456596665084362,9.295478812418878,95.0549304485321,25.02486801147461,27.229585647583008,28.115886688232422
324000000000,4.3441033,39.41755676269531,5.87602611631155,1.143520639743656,96.59661650657654,29.483165740966797,18.22056770324707,18.393892288208008
324000000005,0.4697919,29.299835205078125,16.52216538786888,11.749417753890157,92.11345911026001,29.44573974609375,29.630678176879883,16.17658233642578
411000000000,0.57374936,32.177921295166016,7.451268378645182,6.056306883692741,96.7949390411377,30.818017959594727,30.767375946044922,21.4387264251709
411000000004,8.098568,32.48759078979492,8.58971755951643,5.639501032419503,94.96735334396362,32.44638442993164,29.35269546508789,19.318967819213867
412000000003,0.3392786,35.58842468261719,11.769942939281464,2.761578361969441,94.1635012626648,25.79702377319336,28.139888763427734,21.61821174621582
413000000003,3.2395382,32.462974548339844,10.076303966343403,5.671559483744204,93.4689998626709,29.29642105102539,22.259103775024414,17.21967124938965
414000000002,14.085828,33.46091842651367,4.317901097238064,4.507210978772491,97.87406325340271,27.00579833984375,26.574649810791016,23.63894271850586
421000000002,4.7582564,38.01408386230469,7.340759504586458,1.5797601372469217,97.80687093734741,27.968469619750977,24.89936637878418,24.53980255126953
422000000001,3.12085,36.53395080566406,7.958851754665375,2.2212864132598042,96.70027494430542,25.542842864990234,22.818098068237305,17.764232635498047
423000000001,1.8251318,28.53767967224121,14.030609279870987,14.003352262079716,86.41569018363953,30.232746124267578,28.558069229125977,22.058847427368164
424000000000,56.031578,29.45907974243164,18.32910254597664,11.326399398967624,89.53306078910828,24.0800838470459,21.734683990478516,21.905942916870117
511000000000,1.6796012,41.107303619384766,1.1509563773870468,0.774941872805357,99.85167980194092,25.67310333251953,23.51153564453125,22.072154998779297
511000000004,6.6194925,28.808080673217773,15.194921754300594,13.158060610294342,85.17893552780151,26.124969482421875,26.34218406677246,23.44260597229004
512000000003,0.4907599,31.340478897094727,17.65318214893341,7.344327750615776,91.50125980377197,26.121341705322266,24.553457260131836,17.723661422729492
513000000003,1.2483023,34.03453063964844,9.116324596107006,3.9495425880886614,94.972825050354,29.453468322753906,28.108272552490234,7.437408924102783
514000000002,1.8784698,22.996938705444336,30.230993404984474,50.15405360609293,78.602135181427,31.74614906311035,31.277788162231445,19.932941436767578
521000000002,5.390515,33.20037841796875,12.058766558766365,4.7858827747404575,95.06742358207703,26.390853881835938,26.344406127929688,26.11587142944336
522000000001,1.1059711,29.968177795410156,23.206813260912895,10.073537705466151,88.97139430046082,28.718433380126953,30.899036407470703,14.179161071777344
523000000001,5.4665294,34.70436477661133,2.3128266911953688,3.385035088285804,97.74289131164551,29.70280647277832,29.347747802734375,27.415979385375977
524000000000,7.727296,nan,nan,nan,nan,23.603721618652344,24.165016174316406,24.165016174316406
611000000000,10.077009,39.69032287597656,5.746585316956043,1.073908424586989,98.35196733474731,23.634122848510742,21.933406829833984,14.73064136505127
611000000004,21.033352,37.83146286010742,24.783559143543243,1.6476061136927456,88.66974711418152,31.309154510498047,30.987459182739258,24.75581932067871
612000000003,1.2316802,35.93913650512695,7.51167768612504,2.5473369169048965,96.92697525024414,30.59217643737793,25.954011917114258,20.54071044921875
613000000003,4.607343,33.45311737060547,12.107737362384796,4.515315231401473,94.31185126304626,24.854360580444336,23.354631423950195,22.114919662475586
614000000002,5.9185724,45.47814178466797,4.527348093688488,0.28326025130809285,99.27775263786316,20.62757682800293,21.267173767089844,22.812198638916016
621000000002,3.3914099,37.415618896484375,5.6957281194627285,1.8131670367438346,97.8390634059906,23.108123779296875,23.449644088745117,22.97570037841797
622000000001,6.3542194,29.201662063598633,24.0185409784317,12.018040288239717,91.4280116558075,23.359045028686523,21.203022003173828,20.739948272705078
623000000001,1.244568,35.393733978271484,12.798736803233624,2.888193412218243,93.84645223617554,26.06874656677246,25.857799530029297,23.191503524780273
624000000000,10.133733,33.48173904418945,14.282157644629478,4.485656972974539,97.17811346054077,23.12819480895996,24.642017364501953,26.421323776245117
711000000000,12.091304,40.94754409790039,1.369441277347505,0.8039798558456823,99.79652762413025,24.531042098999023,29.003917694091797,25.210857391357422
711000000004,12.027809,39.1434440612793,6.822605617344379,1.218023244291544,98.97527694702148,24.09305191040039,25.439271926879883,25.297033309936523
712000000003,7.377751,36.405052185058594,10.4448813945055,2.2882035409566015,97.27742075920105,27.619487762451172,36.138771057128906,30.493133544921875
713000000003,8.025261,31.512104034423828,17.08618924021721,7.059751660563052,92.7794337272644,22.816511154174805,27.284244537353516,21.40647315979004
714000000002,0.6895543,31.917232513427734,16.55486971139908,6.4309738809242845,93.2577133178711,28.545677185058594,27.781333923339844,22.230606079101562
721000000002,3.9048724,32.55660629272461,12.935485690832138,5.550592322833836,94.27058100700378,28.330469131469727,29.24424934387207,25.80770492553711
722000000001,7.757912,42.032135009765625,2.410000655800104,0.6263054820010439,99.16287660598755,20.62944793701172,18.613571166992188,19.274845123291016
723000000001,3.46003,32.403892517089844,12.52724789083004,5.749242263846099,94.29459571838379,24.87190055847168,26.86216163635254,14.800431251525879
724000000000,7.1963396,37.65315628051758,8.565280586481094,1.7166603356599808,99.04267191886902,24.01203155517578,25.21265411376953,25.501991271972656
811000000000,1.5131931,33.769466400146484,6.446839310228825,4.1981053072959185,97.3783016204834,22.558290481567383,20.58346176147461,11.194769859313965
811000000004,4.5070167,31.977848052978516,8.896684274077415,6.341836997307837,96.12333178520203,30.465423583984375,27.13190269470215,29.09989356994629
811000000009,1.0223904,29.436796188354492,7.953468710184097,11.384660610929132,96.37641310691833,26.628376007080078,25.82663917541504,17.048049926757812
812000000004,3.6289084,33.76913070678711,10.039419867098331,4.198428068775684,95.74559926986694,23.246715545654297,21.006990432739258,18.450965881347656
812000000008,13.640133,32.31637191772461,10.076281614601612,5.866276333108544,97.01182246208191,21.43265151977539,22.127487182617188,21.604480743408203
813000000003,6.2016864,36.22441482543945,6.537553854286671,2.3853829770814627,94.82100009918213,23.20154571533203,24.042924880981445,25.32578468322754
813000000008,1.1521692,37.98637771606445,2.82692676410079,1.5898719721008092,96.75508737564087,27.096891403198242,25.119686126708984,16.394588470458984
814000000002,1.6699604,45.029945373535156,2.142764860764146,0.31405474146595225,99.58290457725525,26.461748123168945,24.390527725219727,23.670482635498047
814000000007,0.32616064,35.42827224731445,6.351455580443144,2.865316055249423,96.2627112865448,25.414852142333984,20.386627197265625,20.885286331176758
821000000002,11.645228,nan,nan,nan,nan,24.20464515686035,24.9371395111084,24.9371395111084
821000000007,4.381477,31.961448669433594,10.942520573735237,6.365830195136368,95.77512741088867,25.934499740600586,26.32560157775879,23.992258071899414
822000000001,3.6248562,31.800556182861328,10.886902920901775,6.60608580801636,93.92685890197754,28.7869930267334,28.44468879699707,25.449174880981445
822000000006,12.339136,34.422096252441406,6.596035324037075,3.6123543395660818,96.82567119598389,20.71031379699707,24.084026336669922,30.59942054748535
823000000001,24.945799,28.8105411529541,9.917153045535088,13.150604208931327,89.56186175346375,25.536043167114258,27.069591522216797,23.613327026367188
823000000005,14.376464,26.21144676208496,16.318319365382195,23.925178684294224,91.63511991500854,24.226858139038086,21.301082611083984,21.821250915527344
824000000000,5.6669955,38.85500717163086,7.2635468095541,1.3016650336794555,97.94753789901733,20.871505737304688,20.197263717651367,20.581409454345703
824000000005,4.947983,35.00730514526367,3.860271768644452,3.1569632119499147,98.20355772972107,28.45729637145996,30.37021827697754,22.21023941040039
911000000000,11.259857,nan,nan,nan,nan,27.278310775756836,29.221435546875,29.221435546875
911000000004,14.008565,nan,nan,nan,nan,25.435728073120117,29.224098205566406,29.224098205566406
911000000009,13.840464,nan,nan,nan,nan,24.25992202758789,30.1513671875,30.1513671875
912000000004,13.593205,nan,nan,nan,nan,27.654569625854492,26.774559020996094,26.774559020996094
912000000008,37.787502,nan,nan,nan,nan,24.912675857543945,30.77300262451172,30.77300262451172
913000000003,20.516232,nan,nan,nan,nan,19.77992820739746,29.503726959228516,29.503726959228516
913000000008,10.204261,nan,nan,nan,nan,27.44658660888672,30.032073974609375,30.032073974609375
914000000002,11.56017,nan,nan,nan,nan,24.19037437438965,24.646207809448242,24.646207809448242
914000000007,16.494667,nan,nan,nan,nan,24.09084701538086,25.198284149169922,25.198284149169922
921000000002,26.506714,nan,nan,nan,nan,33.42213439941406,34.114707946777344,34.114707946777344
921000000007,33.295567,nan,nan,nan,nan,28.384096145629883,26.009672164916992,26.009672164916992
922000000001,45.328026,nan,nan,nan,nan,25.032155990600586,31.720808029174805,31.720808029174805
922000000006,16.109983,nan,nan,nan,nan,22.14920997619629,22.95027732849121,22.95027732849121
923000000001,6.9543333,nan,nan,nan,nan,20.079004287719727,21.826168060302734,21.826168060302734
923000000005,13.618178,nan,nan,nan,nan,26.262062072753906,23.32488250732422,23.32488250732422
924000000000,14.158445,nan,nan,nan,nan,24.67119598388672,28.402441024780273,28.402441024780273
924000000005,9.659916,nan,nan,nan,nan,26.007301330566406,27.07996940612793,27.07996940612793
