file_id,dnaedit_nomask|structure_distance,dnaedit_nomask|psnr_unedit_part,dnaedit_nomask|lpips_unedit_part,dnaedit_nomask|mse_unedit_part,dnaedit_nomask|ssim_unedit_part,dnaedit_nomask|clip_similarity_source_image,dnaedit_nomask|clip_similarity_target_image,dnaedit_nomask|clip_similarity_target_image_edit_part
000000000000,6.5692344,28.930095672607422,34.11288931965828,12.793528148904443,94.31647658348083,24.254085540771484,27.643966674804688,25.7690486907959
000000000004,32.71089,26.417295455932617,75.1720443367958,22.81761961057782,90.82488417625427,27.585750579833984,28.798017501831055,24.703996658325195
000000000009,11.208402,43.3543586730957,14.929482713341713,0.4619168976205401,99.51181411743164,26.778465270996094,24.691518783569336,24.00571060180664
000000000014,12.704241,28.176525115966797,41.814014315605164,15.217643231153488,94.99344825744629,19.275184631347656,23.798137664794922,22.36921501159668
000000000018,25.705473,21.08013343811035,110.20921170711517,77.980593778193,82.9318642616272,26.482135772705078,28.13795280456543,25.772565841674805
000000000023,8.719134,27.991750717163086,50.27882382273674,15.87905571796,84.82989072799683,25.0826473236084,27.280048370361328,25.08778190612793
000000000028,4.8960648,nan,nan,nan,nan,25.335756301879883,23.639245986938477,23.639245986938477
000000000032,5.992081,29.534345626831055,39.87822309136391,11.131796054542065,94.08371448516846,21.087308883666992,18.35396957397461,14.791576385498047
000000000037,8.297684,23.349658966064453,116.07673019170761,46.24173045158386,82.25637674331665,23.927160263061523,22.74937629699707,19.482189178466797
000000000042,16.8106,25.496295928955078,126.84032320976257,28.207870200276375,89.16022181510925,24.56931495666504,30.380634307861328,19.443925857543945
000000000046,9.113068,nan,nan,nan,nan,25.125455856323242,24.017934799194336,24.017934799194336
000000000051,11.695024,27.804601669311523,26.889558881521225,16.578290378674865,94.87360715866089,28.493249893188477,27.301862716674805,23.46377182006836
000000000056,11.494491,24.166440963745117,55.106330662965775,38.31385402008891,85.84653735160828,29.572147369384766,34.0987434387207,26.568376541137695
000000000060,3.9781282,36.2384033203125,13.187353499233723,2.3777132446411997,98.1143593788147,26.358322143554688,22.072864532470703,23.320810317993164
000000000065,12.415856,25.083200454711914,85.2275937795639,31.02271817624569,90.92566967010498,23.795291900634766,24.18450355529785,18.35112762451172
000000000070,1.7072328,nan,nan,nan,nan,27.19322395324707,27.256214141845703,27.256214141845703
000000000074,5.945974,32.0609245300293,25.146622210741043,6.221677758730948,95.54147720336914,22.422426223754883,24.055217742919922,25.0091609954834
000000000079,6.4558086,nan,nan,nan,nan,25.22629165649414,24.533016204833984,24.533016204833984
000000000084,19.291536,26.35276985168457,98.57457131147385,23.159163538366556,94.04906034469604,28.826274871826172,29.059499740600586,24.869428634643555
000000000088,12.355252,20.951736450195312,140.24005830287933,80.3204532712698,66.97480082511902,26.808324813842773,27.637832641601562,22.890228271484375
000000000093,28.41599,31.99237632751465,22.65738695859909,6.320658139884472,98.25281500816345,23.494312286376953,27.95100212097168,26.864809036254883
000000000098,18.209135,34.84344482421875,18.387354910373688,3.2783509232103825,96.92238569259644,27.847599029541016,23.31344985961914,22.795442581176758
000000000102,8.690744,30.77518081665039,18.084678798913956,8.365305257029831,96.88746929168701,30.448509216308594,23.710309982299805,25.64813995361328
000000000107,5.191932,23.518505096435547,80.92594146728516,44.47843413800001,87.86212205886841,23.623403549194336,23.597896575927734,23.12244415283203
000000000112,15.173314,20.996488571166992,144.21917498111725,79.49705235660076,81.80330991744995,28.90278434753418,29.830598831176758,27.578044891357422
000000000116,8.131853,23.571855545043945,92.00355410575867,43.93538925796747,90.05920886993408,27.407424926757812,22.648286819458008,18.457094192504883
000000000121,9.544925,nan,nan,nan,nan,31.36351776123047,30.60440444946289,30.60440444946289
000000000126,12.000409,nan,nan,nan,nan,22.226985931396484,27.29043960571289,27.29043960571289
000000000130,7.0410595,25.325027465820312,51.54872685670853,29.34250282123685,93.26674938201904,29.824501037597656,30.32315444946289,26.239713668823242
000000000135,15.372766,25.923622131347656,88.2619172334671,25.56451829150319,91.23557806015015,27.799617767333984,24.874181747436523,24.589401245117188
111000000000,24.860388,22.046052932739258,80.13280481100082,62.43017967790365,85.61617732048035,23.034358978271484,20.254928588867188,19.92877960205078
111000000004,5.9607587,23.596370697021484,50.92509835958481,43.688081204891205,87.64387965202332,32.126346588134766,31.111988067626953,17.532194137573242
111000000009,21.206785,22.838960647583008,87.48377859592438,52.012037485837936,88.01720142364502,24.936857223510742,28.29861068725586,21.201303482055664
112000000004,12.492746,21.58712387084961,125.3105103969574,69.38850041478872,86.17304563522339,25.950183868408203,25.912755966186523,17.89167594909668
112000000008,6.0923843,27.694358825683594,38.714200258255005,17.00450200587511,94.0994918346405,30.590932846069336,25.601551055908203,30.20157814025879
113000000003,17.096497,24.185598373413086,99.81393069028854,38.14521012827754,90.57063460350037,26.26559829711914,28.958541870117188,22.838151931762695
113000000008,25.53371,20.81231117248535,109.98556017875671,82.94091559946537,79.87322807312012,26.083946228027344,24.542245864868164,27.480810165405273
114000000002,6.300359,26.480510711669922,71.36113196611404,22.487903479486704,91.35072231292725,26.985586166381836,24.574417114257812,21.859073638916016
114000000007,21.029638,25.8820743560791,72.14967906475067,25.81026405096054,90.01525640487671,26.927757263183594,26.36614227294922,21.34776496887207
121000000002,16.5441,24.894685745239258,107.71338641643524,32.3989731259644,81.17679953575134,23.946714401245117,25.190567016601562,25.435388565063477
121000000007,24.409859,24.97147560119629,91.90073609352112,31.831145752221346,90.93748927116394,25.938459396362305,21.64691162109375,19.210025787353516
122000000001,28.39777,19.611980438232422,193.84729862213135,109.34573598206043,74.14578795433044,23.77091407775879,26.104015350341797,18.487504959106445
122000000006,24.883766,25.455360412597656,64.38615173101425,28.474992141127586,89.94535207748413,29.633272171020508,31.181133270263672,25.825668334960938
123000000001,14.245285,27.933048248291016,118.65374445915222,16.095148166641593,92.16355085372925,26.40603256225586,26.82953453063965,20.359874725341797
123000000005,18.496302,23.481761932373047,98.12245517969131,44.856336899101734,84.36603546142578,23.043977737426758,23.521608352661133,22.889543533325195
124000000000,21.183294,25.051359176635742,116.4034903049469,31.251001637429,87.75116801261902,26.313907623291016,27.5903377532959,24.26824188232422
124000000005,11.664184,24.52792739868164,154.99252080917358,35.253893584012985,81.88857436180115,28.16678810119629,24.82068634033203,23.059276580810547
211000000000,26.428173,27.198549270629883,42.595986276865005,19.060964696109295,93.84676814079285,27.898239135742188,31.818622589111328,30.989301681518555
211000000004,14.225674,nan,nan,nan,nan,29.888212203979492,34.852577209472656,34.852577209472656
211000000009,14.916704,27.513891220092773,32.19571337103844,17.72599294781685,94.83180046081543,32.233619689941406,31.500757217407227,31.59696388244629
212000000004,2.9594603,25.62919044494629,26.608534157276154,27.357779908925295,95.12665271759033,27.7395076751709,26.819143295288086,13.7070894241333
212000000008,15.194572,nan,nan,nan,nan,18.980731964111328,26.379549026489258,26.379549026489258
213000000003,24.410574,nan,nan,nan,nan,25.329116821289062,27.780384063720703,27.780384063720703
213000000008,15.491785,22.823820114135742,99.59198534488678,52.19366401433945,85.09236574172974,24.974472045898438,29.5876407623291,18.22175407409668
214000000002,9.867116,29.602651596069336,42.65975207090378,10.958086932078004,96.94554209709167,28.13837242126465,27.04043960571289,24.56791114807129
214000000007,6.547269,nan,nan,nan,nan,23.678991317749023,26.00388526916504,26.00388526916504
221000000002,14.747794,24.148977279663086,113.58530819416046,38.468234706670046,88.27919960021973,26.683156967163086,32.05651092529297,18.945249557495117
221000000007,13.638833,nan,nan,nan,nan,27.699220657348633,27.452363967895508,27.452363967895508
222000000001,9.118658,30.78717803955078,38.23699802160263,8.342225919477642,96.69288396835327,23.354278564453125,23.340700149536133,25.925933837890625
222000000006,7.3825727,28.72258949279785,48.88350889086723,13.419644674286246,93.88601183891296,17.99535369873047,17.664884567260742,20.917110443115234
223000000001,5.7350974,27.23319435119629,67.98242032527924,18.9095176756382,95.76963186264038,25.897180557250977,36.032188415527344,25.41263198852539
223000000005,11.814418,nan,nan,nan,nan,21.244783401489258,24.359050750732422,24.359050750732422
224000000000,6.5422673,34.9764404296875,23.565052077174187,3.1794773531146348,97.6053237915039,25.185997009277344,23.945886611938477,23.52250099182129
224000000005,8.075441,29.46437644958496,32.71946310997009,11.312596034258604,97.21996188163757,27.30318260192871,31.785594940185547,28.80019187927246
311000000000,5.831011,26.263704299926758,39.2947793006897,23.639025166630745,95.3977108001709,28.34686279296875,21.992883682250977,13.724991798400879
311000000004,5.707469,20.838109970092773,60.71314215660095,82.44968019425869,90.15729427337646,32.335941314697266,30.08235740661621,18.488862991333008
311000000009,6.7453403,33.202083587646484,14.046909287571907,4.784002958331257,94.59085464477539,25.653827667236328,25.132593154907227,23.396228790283203
312000000004,2.7305832,29.349586486816406,65.52359461784363,11.615589028224349,95.96219062805176,33.54439163208008,29.693025588989258,19.3919677734375
312000000008,4.5529785,22.224964141845703,67.43866205215454,59.91056561470032,84.98064279556274,25.897621154785156,24.61483383178711,13.005874633789062
313000000003,17.098354,18.9382381439209,144.07652616500854,127.69567780196667,68.62217783927917,24.440221786499023,26.006778717041016,20.5650634765625
313000000008,31.297089,22.253190994262695,137.50353455543518,59.522464871406555,84.24980044364929,26.677942276000977,26.58758544921875,13.065888404846191
314000000002,10.683715,26.711271286010742,98.62658381462097,21.32419729605317,92.21080541610718,25.91021728515625,26.11841583251953,19.578048706054688
314000000007,11.197629,22.978849411010742,84.36545729637146,50.363396294415,82.7224850654602,22.87525749206543,23.8927059173584,16.77353286743164
321000000002,4.436134,27.49214744567871,11.450428515672684,17.81496568582952,97.52922058105469,28.56386375427246,28.858661651611328,24.867647171020508
321000000007,24.771837,24.234460830688477,153.38759124279022,37.718452513217926,82.89647102355957,30.77129364013672,23.88389778137207,19.536468505859375
322000000001,2.0146165,30.376089096069336,26.36050619184971,9.170454577542841,95.43287754058838,24.407901763916016,24.446964263916016,8.100042343139648
322000000006,1.8668334,29.83526611328125,28.184320777654648,10.386594804003835,95.78606486320496,26.285850524902344,16.86444664001465,13.267723083496094
323000000001,10.791828,24.6784725189209,89.46947753429413,34.052785485982895,88.01792860031128,31.299745559692383,31.12451934814453,10.74637508392334
323000000005,5.2453775,26.372983932495117,38.25016692280769,23.05162837728858,92.637038230896,25.02486801147461,27.1644287109375,27.863967895507812
324000000000,11.299064,27.934682846069336,111.86464875936508,16.089100390672684,90.4984712600708,29.483165740966797,19.300376892089844,18.078344345092773
324000000005,3.4701138,27.29167938232422,52.37501114606857,18.656583270058036,89.55060839653015,29.44573974609375,29.646480560302734,18.56989097595215
411000000000,4.8410344,20.410926818847656,58.23221802711487,90.97186848521233,88.7051522731781,30.818017959594727,31.31447410583496,21.207738876342773
411000000004,22.829155,21.636764526367188,95.04386782646179,68.59989371150732,80.80697059631348,32.44638442993164,31.045818328857422,20.783838272094727
412000000003,14.270963,27.443885803222656,102.4831235408783,18.014045199379325,87.76001334190369,25.79702377319336,28.57306671142578,21.37782859802246
413000000003,19.201824,21.148330688476562,140.754833817482,76.76566485315561,78.82673144340515,29.29642105102539,23.187236785888672,18.638587951660156
414000000002,15.96627,30.397241592407227,10.395186953246593,9.125902433879673,97.5850760936737,27.00579833984375,27.26723289489746,23.913408279418945
421000000002,10.613759,31.0076961517334,39.59771618247032,7.929215207695961,95.8763599395752,27.968469619750977,26.101762771606445,24.483562469482422
422000000001,10.229491,26.020069122314453,68.53518635034561,25.00304952263832,91.48411750793457,25.542842864990234,23.939105987548828,19.1075496673584
423000000001,6.4923515,24.096923828125,76.86737179756165,38.9320682734251,78.53918075561523,30.232746124267578,28.576383590698242,19.072717666625977
424000000000,66.80938,26.207807540893555,45.61031982302666,23.945234715938568,89.32871222496033,24.0800838470459,22.44127082824707,21.7744197845459
511000000000,1.6590983,35.7558479309082,17.198268324136734,2.6571450871415436,99.40499067306519,25.67310333251953,25.9462947845459,21.872425079345703
511000000004,13.379733,21.036584854125977,95.4650267958641,78.7664670497179,80.49249053001404,26.124969482421875,25.786273956298828,21.65753173828125
512000000003,11.377581,26.405378341674805,70.49664109945297,22.880316246300936,87.53131628036499,26.121341705322266,25.140077590942383,17.822486877441406
513000000003,28.935516,21.46025848388672,154.64124083518982,71.44536823034286,80.32536506652832,29.453468322753906,28.969615936279297,10.487486839294434
514000000002,10.967704,19.50315284729004,117.63341724872589,112.12039738893509,73.54909777641296,31.74614906311035,31.007143020629883,17.952342987060547
521000000002,18.083895,25.434335708618164,83.76653492450714,28.613198082894087,90.88122248649597,26.390853881835938,26.356056213378906,26.494773864746094
522000000001,45.323547,21.131128311157227,237.33565211296082,77.07028184086084,72.6352870464325,28.718433380126953,31.11043357849121,15.032159805297852
523000000001,7.038467,30.603830337524414,13.876167125999928,8.701956830918789,96.74575328826904,29.70280647277832,29.588884353637695,27.83884620666504
524000000000,7.727296,nan,nan,nan,nan,23.603721618652344,24.165016174316406,24.165016174316406
611000000000,19.356236,31.52454948425293,53.377967327833176,7.039547781459987,95.31608819961548,23.634122848510742,22.0985107421875,14.71419620513916
611000000004,33.625984,30.966264724731445,48.7947016954422,8.005223353393376,88.98783922195435,31.309154510498047,30.593809127807617,25.709386825561523
612000000003,19.68684,25.231821060180664,79.91889864206314,29.979043174535036,89.04671669006348,30.59217643737793,26.366594314575195,21.867395401000977
613000000003,12.912361,30.041078567504883,100.56097060441971,9.90585540421307,89.82858061790466,24.854360580444336,22.534473419189453,21.845617294311523
614000000002,9.29942,35.43785858154297,39.96392339468002,2.8589970315806568,98.25558066368103,20.62757682800293,22.044918060302734,22.74878692626953
621000000002,3.964662,29.857561111450195,43.295472860336304,10.333408135920763,96.63063883781433,23.108123779296875,23.613536834716797,21.693273544311523
622000000001,11.187975,23.65924835205078,87.66978979110718,43.06011367589235,87.1411681175232,23.359045028686523,27.399263381958008,20.447525024414062
623000000001,15.072355,23.93750762939453,131.28113746643066,40.3877068310976,87.00971603393555,26.06874656677246,26.64090919494629,23.389986038208008
624000000000,15.871983,27.83157730102539,35.064756870269775,16.475636512041092,94.8870062828064,23.12819480895996,24.08553695678711,26.459815979003906
711000000000,12.554962,31.694995880126953,11.21540553867817,6.768621387891471,98.71448278427124,24.531042098999023,29.45477294921875,24.88735008239746
711000000004,15.315525,32.856380462646484,30.13874776661396,5.180381704121828,97.6966381072998,24.09305191040039,27.191347122192383,25.751171112060547
712000000003,21.366583,28.80567169189453,82.51359313726425,13.165357522666454,93.19412112236023,27.619487762451172,33.87533950805664,31.44171142578125
713000000003,27.033138,20.8864803314209,175.0260889530182,81.53648115694523,76.90997123718262,22.816511154174805,19.959590911865234,22.070688247680664
714000000002,6.2274175,26.536725997924805,85.09448170661926,22.198688238859177,89.77558612823486,28.545677185058594,28.254465103149414,21.950756072998047
721000000002,11.911665,26.517545700073242,86.33788675069809,22.296940442174673,90.6574010848999,28.330469131469727,27.508440017700195,25.6954345703125
722000000001,13.738631,27.11324691772461,62.194038182497025,19.43905488587916,94.15807723999023,20.62944793701172,19.39019012451172,19.623985290527344
723000000001,12.685423,23.050453186035156,130.40292263031006,49.53982774168253,85.19627451896667,24.87190055847168,29.215347290039062,16.238624572753906
724000000000,36.360504,26.088396072387695,77.08251476287842,24.612757842987776,94.55172419548035,24.01203155517578,24.595319747924805,24.937217712402344
811000000000,15.695123,21.31435775756836,83.41992646455765,73.88632744550705,87.97361850738525,22.558290481567383,20.22686767578125,9.88104248046875
811000000004,9.444205,22.41468048095703,47.11360111832619,57.34980572015047,88.10409307479858,30.465423583984375,27.533281326293945,29.803741455078125
811000000009,6.270444,21.022890090942383,37.32004016637802,79.01524193584919,89.61240649223328,26.628376007080078,26.311382293701172,17.302003860473633
812000000004,10.820334,23.506214141845703,83.5208147764206,44.60448864847422,87.78416514396667,23.246715545654297,23.75133514404297,19.817359924316406
812000000008,21.517658,25.270551681518555,43.01391541957855,29.71288049593568,93.04944276809692,21.43265151977539,30.645824432373047,25.628822326660156
813000000003,11.481903,27.652145385742188,40.52680358290672,17.170589417219162,90.66736102104187,23.20154571533203,25.030073165893555,25.40665626525879
813000000008,3.6065843,30.01244354248047,33.01699832081795,9.971384424716234,93.96408796310425,27.096891403198242,25.28843879699707,16.84880828857422
814000000002,3.0303473,39.59464645385742,19.426140934228897,1.0978308273479342,99.349045753479,26.461748123168945,23.870819091796875,23.435359954833984
814000000007,1.827753,29.001190185546875,28.29684317111969,12.58580363355577,93.96769404411316,25.414852142333984,21.39687156677246,21.161579132080078
821000000002,11.645228,nan,nan,nan,nan,24.20464515686035,24.9371395111084,24.9371395111084
821000000007,9.03302,25.01910400390625,50.452470779418945,31.483962666243315,91.17536544799805,25.934499740600586,26.497268676757812,25.097721099853516
822000000001,8.67484,26.949596405029297,40.42799025774002,20.185529720038176,91.18995666503906,28.7869930267334,29.37099266052246,25.066604614257812
822000000006,16.28016,27.594276428222656,28.53628247976303,17.400915967300534,93.97741556167603,20.71031379699707,24.23771095275879,30.913734436035156
823000000001,33.101307,22.833660125732422,62.63981759548187,52.07555368542671,85.10658144950867,25.536043167114258,25.784318923950195,23.249074935913086
823000000005,20.359034,20.98125648498535,76.93585753440857,79.77637462317944,85.27984023094177,24.226858139038086,23.281570434570312,19.32085418701172
824000000000,9.287406,29.575366973876953,35.90085357427597,11.027143336832523,95.671147108078,20.871505737304688,17.330310821533203,20.05069351196289
824000000005,7.0711555,28.94882583618164,25.11909231543541,12.738468358293176,95.67758440971375,28.45729637145996,31.575345993041992,23.71013641357422
911000000000,11.259857,nan,nan,nan,nan,27.278310775756836,29.221435546875,29.221435546875
911000000004,14.008565,nan,nan,nan,nan,25.435728073120117,29.224098205566406,29.224098205566406
911000000009,13.840464,nan,nan,nan,nan,24.25992202758789,30.1513671875,30.1513671875
912000000004,13.593205,nan,nan,nan,nan,27.654569625854492,26.774559020996094,26.774559020996094
912000000008,37.787502,nan,nan,nan,nan,24.912675857543945,30.77300262451172,30.77300262451172
913000000003,20.516232,nan,nan,nan,nan,19.77992820739746,29.503726959228516,29.503726959228516
913000000008,10.204261,nan,nan,nan,nan,27.44658660888672,30.032073974609375,30.032073974609375
914000000002,11.56017,nan,nan,nan,nan,24.19037437438965,24.646207809448242,24.646207809448242
914000000007,16.494667,nan,nan,nan,nan,24.09084701538086,25.198284149169922,25.198284149169922
921000000002,26.506714,nan,nan,nan,nan,33.42213439941406,34.114707946777344,34.114707946777344
921000000007,33.295567,nan,nan,nan,nan,28.384096145629883,26.009672164916992,26.009672164916992
922000000001,45.328026,nan,nan,nan,nan,25.032155990600586,31.720808029174805,31.720808029174805
922000000006,16.109983,nan,nan,nan,nan,22.14920997619629,22.95027732849121,22.95027732849121
923000000001,6.9543333,nan,nan,nan,nan,20.079004287719727,21.826168060302734,21.826168060302734
923000000005,13.618178,nan,nan,nan,nan,26.262062072753906,23.32488250732422,23.32488250732422
924000000000,14.158445,nan,nan,nan,nan,24.67119598388672,28.402441024780273,28.402441024780273
924000000005,9.659916,nan,nan,nan,nan,26.007301330566406,27.07996940612793,27.07996940612793
