file_id,dnaedit_pixpaste|structure_distance,dnaedit_pixpaste|psnr_unedit_part,dnaedit_pixpaste|lpips_unedit_part,dnaedit_pixpaste|mse_unedit_part,dnaedit_pixpaste|ssim_unedit_part,dnaedit_pixpaste|clip_similarity_source_image,dnaedit_pixpaste|clip_similarity_target_image,dnaedit_pixpaste|clip_similarity_target_image_edit_part
000000000000,3.0851822,inf,0.0,0.0,100.0,24.254085540771484,26.89051628112793,25.7690486907959
000000000004,22.828941,inf,0.0,0.0,100.0,27.585750579833984,28.68104362487793,24.703996658325195
000000000009,11.174413,inf,0.0,0.0,99.99228715896606,26.778465270996094,23.93235206604004,24.00571060180664
000000000014,5.315385,inf,0.0,0.0,99.99999403953552,19.275184631347656,21.93353271484375,22.36921501159668
000000000018,4.1787496,inf,0.0,0.0,99.99994039535522,26.482135772705078,27.745952606201172,25.772565841674805
000000000023,3.9637704,inf,0.0,0.0,99.99994039535522,25.0826473236084,25.92398452758789,25.08778190612793
000000000028,4.8960648,nan,nan,nan,nan,25.335756301879883,23.639245986938477,23.639245986938477
000000000032,1.0604174,inf,0.0,0.0,100.0,21.087308883666992,17.607799530029297,14.791576385498047
000000000037,0.5598922,inf,0.0,0.0,99.99980926513672,23.927160263061523,23.948383331298828,19.482189178466797
000000000042,1.8640436,inf,0.0,0.0,100.0,24.56931495666504,22.8981990814209,19.443925857543945
000000000046,9.113068,nan,nan,nan,nan,25.125455856323242,24.017934799194336,24.017934799194336
000000000051,6.919555,inf,0.0,0.0,100.0,28.493249893188477,27.66665267944336,23.46377182006836
000000000056,7.0134125,inf,0.0,0.0,100.0,29.572147369384766,31.865522384643555,26.568376541137695
000000000060,1.8482438,inf,0.0,0.0,100.0,26.358322143554688,22.30034065246582,23.320810317993164
000000000065,2.2111652,inf,0.0,0.0,100.0,23.795291900634766,23.72195816040039,18.35112762451172
000000000070,1.7072328,nan,nan,nan,nan,27.19322395324707,27.256214141845703,27.256214141845703
000000000074,2.6077487,inf,0.0,0.0,100.0,22.422426223754883,23.117740631103516,25.0091609954834
000000000079,6.4558086,nan,nan,nan,nan,25.22629165649414,24.533016204833984,24.533016204833984
000000000084,12.827742,inf,0.0,0.0,100.0,28.826274871826172,28.462141036987305,24.869428634643555
000000000088,1.0401306,inf,0.0,0.0,100.0,26.808324813842773,30.357759475708008,22.890228271484375
000000000093,27.878603,inf,0.0,0.0,99.9982237815857,23.494312286376953,27.137712478637695,26.864809036254883
000000000098,12.298691,inf,0.0,0.0,100.0,27.847599029541016,22.891321182250977,22.795442581176758
000000000102,6.6566954,inf,0.0,0.0,100.0,30.448509216308594,23.883512496948242,25.64813995361328
000000000107,0.8198762,inf,0.0,0.0,99.99811053276062,23.623403549194336,22.819337844848633,23.12244415283203
000000000112,2.5621545,inf,0.0,0.0,100.0,28.90278434753418,29.616731643676758,27.578044891357422
000000000116,3.1815577,inf,0.0,0.0,99.97793436050415,27.407424926757812,21.837121963500977,18.457094192504883
000000000121,9.544925,nan,nan,nan,nan,31.36351776123047,30.60440444946289,30.60440444946289
000000000126,12.000409,nan,nan,nan,nan,22.226985931396484,27.29043960571289,27.29043960571289
000000000130,3.4466789,inf,0.0,0.0,99.9998688697815,29.824501037597656,30.953454971313477,26.239713668823242
000000000135,3.7519412,inf,0.0,0.0,100.0,27.799617767333984,27.677505493164062,24.589401245117188
111000000000,13.5478325,inf,0.0,0.0,99.99998807907104,23.034358978271484,19.561344146728516,19.92877960205078
111000000004,0.8918337,inf,0.0,0.0,99.99549388885498,32.126346588134766,29.72782325744629,17.532194137573242
111000000009,14.99601,inf,0.0,0.0,99.99713897705078,24.936857223510742,22.70970916748047,21.201303482055664
112000000004,3.282283,inf,0.0,0.0,100.0,25.950183868408203,22.444454193115234,17.89167594909668
112000000008,3.231865,inf,0.0,0.0,99.99998807907104,30.590932846069336,23.511917114257812,30.20157814025879
113000000003,6.3655415,inf,0.0,0.0,100.0,26.26559829711914,24.95224380493164,22.838151931762695
113000000008,8.713452,inf,0.0,0.0,100.0,26.083946228027344,25.702821731567383,27.480810165405273
114000000002,1.2444141,inf,0.0,0.0,99.99998807907104,26.985586166381836,23.521709442138672,21.859073638916016
114000000007,12.905398,inf,0.0,0.0,100.0,26.927757263183594,25.00137710571289,21.34776496887207
121000000002,10.353554,inf,0.0,0.0,100.0,23.946714401245117,25.111764907836914,25.435388565063477
121000000007,12.054768,inf,0.0,0.0,100.0,25.938459396362305,19.637372970581055,19.210025787353516
122000000001,6.391628,inf,0.0,0.0,100.0,23.77091407775879,22.233434677124023,18.487504959106445
122000000006,18.162685,inf,0.0,0.0,100.0,29.633272171020508,29.78704261779785,25.825668334960938
123000000001,2.218083,inf,0.0,0.0,100.0,26.40603256225586,20.87352752685547,20.359874725341797
123000000005,7.1616607,inf,0.0,0.0,100.0,23.043977737426758,23.03270721435547,22.889543533325195
124000000000,4.385117,inf,0.0,0.0,99.99992847442627,26.313907623291016,25.755727767944336,24.26824188232422
124000000005,0.06584449,inf,0.0,0.0,100.0,28.16678810119629,22.795289993286133,23.059276580810547
211000000000,20.50241,inf,0.0,0.0,99.99999403953552,27.898239135742188,30.945369720458984,30.989301681518555
211000000004,14.225674,nan,nan,nan,nan,29.888212203979492,34.852577209472656,34.852577209472656
211000000009,9.1754265,inf,0.0,0.0,100.0,32.233619689941406,31.625661849975586,31.59696388244629
212000000004,0.3087558,inf,0.0,0.0,99.96371269226074,27.7395076751709,22.385725021362305,13.7070894241333
212000000008,15.194572,nan,nan,nan,nan,18.980731964111328,26.379549026489258,26.379549026489258
213000000003,24.410574,nan,nan,nan,nan,25.329116821289062,27.780384063720703,27.780384063720703
213000000008,2.774331,inf,0.0,0.0,100.0,24.974472045898438,24.198509216308594,18.22175407409668
214000000002,5.249373,inf,0.0,0.0,99.99895095825195,28.13837242126465,27.43368148803711,24.56791114807129
214000000007,6.547269,nan,nan,nan,nan,23.678991317749023,26.00388526916504,26.00388526916504
221000000002,2.214735,inf,0.0,0.0,99.99984502792358,26.683156967163086,29.332754135131836,18.945249557495117
221000000007,13.638833,nan,nan,nan,nan,27.699220657348633,27.452363967895508,27.452363967895508
222000000001,5.2325625,inf,0.0,0.0,99.99939203262329,23.354278564453125,23.067468643188477,25.925933837890625
222000000006,1.7057527,inf,0.0,0.0,100.0,17.99535369873047,18.46858024597168,20.917110443115234
223000000001,0.58781177,inf,0.0,0.0,99.99217987060547,25.897180557250977,26.921546936035156,25.41263198852539
223000000005,11.814418,nan,nan,nan,nan,21.244783401489258,24.359050750732422,24.359050750732422
224000000000,4.450451,inf,0.0,0.0,99.99804496765137,25.185997009277344,24.852371215820312,23.52250099182129
224000000005,5.049521,inf,0.0,0.0,99.9997615814209,27.30318260192871,30.937084197998047,28.80019187927246
311000000000,2.5038753,inf,0.0,0.0,99.99954104423523,28.34686279296875,20.815988540649414,13.724991798400879
311000000004,0.10844437,inf,0.0,0.0,99.96495246887207,32.335941314697266,31.33785629272461,18.488862991333008
311000000009,4.6712503,inf,0.0,0.0,100.0,25.653827667236328,25.550090789794922,23.396228790283203
312000000004,1.4020944,inf,0.0,0.0,99.95965361595154,33.54439163208008,28.495750427246094,19.3919677734375
312000000008,0.087253794,inf,0.0,0.0,99.99867677688599,25.897621154785156,22.97832679748535,13.005874633789062
313000000003,0.4578076,inf,0.0,0.0,100.0,24.440221786499023,23.556058883666992,20.5650634765625
313000000008,1.5675641,inf,0.0,0.0,100.0,26.677942276000977,26.447946548461914,13.065888404846191
314000000002,1.6605958,inf,0.0,0.0,99.99998807907104,25.91021728515625,25.784324645996094,19.578048706054688
314000000007,1.910005,inf,0.0,0.0,99.99998807907104,22.87525749206543,20.418720245361328,16.77353286743164
321000000002,3.820929,inf,0.0,0.0,100.0,28.56386375427246,28.356325149536133,24.867647171020508
321000000007,7.8313556,inf,0.0,0.0,100.0,30.77129364013672,18.993967056274414,19.536468505859375
322000000001,0.24187163,inf,0.0,0.0,100.0,24.407901763916016,23.562152862548828,8.100042343139648
322000000006,0.4190501,inf,0.0,0.0,99.99910593032837,26.285850524902344,15.103079795837402,13.267723083496094
323000000001,1.9865546,inf,0.0,0.0,100.0,31.299745559692383,30.369239807128906,10.74637508392334
323000000005,2.239736,inf,0.0,0.0,100.0,25.02486801147461,26.22567367553711,27.863967895507812
324000000000,4.724031,inf,0.0,0.0,100.0,29.483165740966797,18.36957359313965,18.078344345092773
324000000005,0.48413104,inf,0.0,0.0,100.0,29.44573974609375,29.278451919555664,18.56989097595215
411000000000,0.51193076,inf,0.0,0.0,99.96163249015808,30.818017959594727,30.153968811035156,21.207738876342773
411000000004,9.160036,inf,0.0,0.0,100.0,32.44638442993164,29.654022216796875,20.783838272094727
412000000003,0.5165828,inf,0.0,0.0,99.99998807907104,25.79702377319336,28.338464736938477,21.37782859802246
413000000003,3.8231678,inf,0.0,0.0,100.0,29.29642105102539,22.375635147094727,18.638587951660156
414000000002,14.9389,inf,0.0,0.0,100.0,27.00579833984375,26.63129234313965,23.913408279418945
421000000002,4.7378564,inf,0.0,0.0,99.9998927116394,27.968469619750977,24.722749710083008,24.483562469482422
422000000001,3.3531759,inf,0.0,0.0,99.99998807907104,25.542842864990234,22.629974365234375,19.1075496673584
423000000001,1.6798809,inf,0.0,0.0,100.0,30.232746124267578,26.97998809814453,19.072717666625977
424000000000,64.20935,inf,0.0,0.0,100.0,24.0800838470459,22.39196014404297,21.7744197845459
511000000000,1.1657348,inf,0.0,0.0,99.94782209396362,25.67310333251953,25.70836639404297,21.872425079345703
511000000004,4.3369102,inf,0.0,0.0,99.9994695186615,26.124969482421875,26.341665267944336,21.65753173828125
512000000003,0.12108099,inf,0.0,0.0,99.99868273735046,26.121341705322266,25.388893127441406,17.822486877441406
513000000003,0.8847742,inf,0.0,0.0,100.0,29.453468322753906,28.78701400756836,10.487486839294434
514000000002,1.8537214,inf,0.0,0.0,100.0,31.74614906311035,30.820873260498047,17.952342987060547
521000000002,6.036611,inf,0.0,0.0,100.0,26.390853881835938,26.606761932373047,26.494773864746094
522000000001,1.0004618,inf,0.0,0.0,100.0,28.718433380126953,30.38201332092285,15.032159805297852
523000000001,6.118457,inf,0.0,0.0,100.0,29.70280647277832,28.949254989624023,27.83884620666504
524000000000,7.727296,nan,nan,nan,nan,23.603721618652344,24.165016174316406,24.165016174316406
611000000000,12.048383,inf,0.0,0.0,99.99998807907104,23.634122848510742,20.525047302246094,14.71419620513916
611000000004,12.495282,inf,0.0,0.0,100.0,31.309154510498047,31.246965408325195,25.709386825561523
612000000003,1.3942335,inf,0.0,0.0,100.0,30.59217643737793,25.847244262695312,21.867395401000977
613000000003,3.842992,inf,0.0,0.0,100.0,24.854360580444336,23.51659393310547,21.845617294311523
614000000002,7.245882,inf,0.0,0.0,99.99992251396179,20.62757682800293,22.187414169311523,22.74878692626953
621000000002,3.016298,inf,0.0,0.0,99.99434351921082,23.108123779296875,22.191694259643555,21.693273544311523
622000000001,5.5380254,inf,0.0,0.0,100.0,23.359045028686523,22.68108558654785,20.447525024414062
623000000001,1.6211159,inf,0.0,0.0,99.99999403953552,26.06874656677246,25.17668342590332,23.389986038208008
624000000000,9.832903,inf,0.0,0.0,100.0,23.12819480895996,24.87039566040039,26.459815979003906
711000000000,12.0263815,inf,0.0,0.0,99.99974966049194,24.531042098999023,27.725318908691406,24.88735008239746
711000000004,13.595087,inf,0.0,0.0,99.99992251396179,24.09305191040039,26.889610290527344,25.751171112060547
712000000003,7.9037194,inf,0.0,0.0,99.99997019767761,27.619487762451172,35.1025276184082,31.44171142578125
713000000003,9.580407,inf,0.0,0.0,99.99977350234985,22.816511154174805,26.43975257873535,22.070688247680664
714000000002,0.46886396,inf,0.0,0.0,99.99994039535522,28.545677185058594,27.119958877563477,21.950756072998047
721000000002,4.1898417,inf,0.0,0.0,99.99998807907104,28.330469131469727,28.45231819152832,25.6954345703125
722000000001,8.061049,inf,0.0,0.0,99.99957084655762,20.62944793701172,18.88467788696289,19.623985290527344
723000000001,4.4644966,inf,0.0,0.0,100.0,24.87190055847168,27.104923248291016,16.238624572753906
724000000000,8.6193495,inf,0.0,0.0,99.99994039535522,24.01203155517578,24.841917037963867,24.937217712402344
811000000000,1.0673412,inf,0.0,0.0,99.99302625656128,22.558290481567383,19.294401168823242,9.88104248046875
811000000004,4.532282,inf,0.0,0.0,100.0,30.465423583984375,26.53274917602539,29.803741455078125
811000000009,0.41646773,inf,0.0,0.0,99.99622106552124,26.628376007080078,26.03839874267578,17.302003860473633
812000000004,4.42629,inf,0.0,0.0,99.99998807907104,23.246715545654297,21.39670753479004,19.817359924316406
812000000008,16.677977,inf,0.0,0.0,100.0,21.43265151977539,23.93684959411621,25.628822326660156
813000000003,6.224096,inf,0.0,0.0,100.0,23.20154571533203,24.4111328125,25.40665626525879
813000000008,0.9769817,inf,0.0,0.0,100.0,27.096891403198242,24.718732833862305,16.84880828857422
814000000002,0.63818073,inf,0.0,0.0,99.99995231628418,26.461748123168945,23.74816131591797,23.435359954833984
814000000007,0.1357032,inf,0.0,0.0,99.99997019767761,25.414852142333984,19.77880096435547,21.161579132080078
821000000002,11.645228,nan,nan,nan,nan,24.20464515686035,24.9371395111084,24.9371395111084
821000000007,4.9960847,inf,0.0,0.0,99.99961853027344,25.934499740600586,25.488609313964844,25.097721099853516
822000000001,4.3827076,inf,0.0,0.0,100.0,28.7869930267334,28.62906837463379,25.066604614257812
822000000006,11.700903,inf,0.0,0.0,100.0,20.71031379699707,24.378568649291992,30.913734436035156
823000000001,25.133976,inf,0.0,0.0,100.0,25.536043167114258,25.59571647644043,23.249074935913086
823000000005,15.754631,inf,0.0,0.0,99.99998807907104,24.226858139038086,21.77318572998047,19.32085418701172
824000000000,6.403747,inf,0.0,0.0,99.99963641166687,20.871505737304688,19.862720489501953,20.05069351196289
824000000005,5.3452635,inf,0.0,0.0,100.0,28.45729637145996,30.842966079711914,23.71013641357422
911000000000,11.259857,nan,nan,nan,nan,27.278310775756836,29.221435546875,29.221435546875
911000000004,14.008565,nan,nan,nan,nan,25.435728073120117,29.224098205566406,29.224098205566406
911000000009,13.840464,nan,nan,nan,nan,24.25992202758789,30.1513671875,30.1513671875
912000000004,13.593205,nan,nan,nan,nan,27.654569625854492,26.774559020996094,26.774559020996094
912000000008,37.787502,nan,nan,nan,nan,24.912675857543945,30.77300262451172,30.77300262451172
913000000003,20.516232,nan,nan,nan,nan,19.77992820739746,29.503726959228516,29.503726959228516
913000000008,10.204261,nan,nan,nan,nan,27.44658660888672,30.032073974609375,30.032073974609375
914000000002,11.56017,nan,nan,nan,nan,24.19037437438965,24.646207809448242,24.646207809448242
914000000007,16.494667,nan,nan,nan,nan,24.09084701538086,25.198284149169922,25.198284149169922
921000000002,26.506714,nan,nan,nan,nan,33.42213439941406,34.114707946777344,34.114707946777344
921000000007,33.295567,nan,nan,nan,nan,28.384096145629883,26.009672164916992,26.009672164916992
922000000001,45.328026,nan,nan,nan,nan,25.032155990600586,31.720808029174805,31.720808029174805
922000000006,16.109983,nan,nan,nan,nan,22.14920997619629,22.95027732849121,22.95027732849121
923000000001,6.9543333,nan,nan,nan,nan,20.079004287719727,21.826168060302734,21.826168060302734
923000000005,13.618178,nan,nan,nan,nan,26.262062072753906,23.32488250732422,23.32488250732422
924000000000,14.158445,nan,nan,nan,nan,24.67119598388672,28.402441024780273,28.402441024780273
924000000005,9.659916,nan,nan,nan,nan,26.007301330566406,27.07996940612793,27.07996940612793
