file_id,flowalign_pixpaste|structure_distance,flowalign_pixpaste|psnr_unedit_part,flowalign_pixpaste|lpips_unedit_part,flowalign_pixpaste|mse_unedit_part,flowalign_pixpaste|ssim_unedit_part,flowalign_pixpaste|clip_similarity_source_image,flowalign_pixpaste|clip_similarity_target_image,flowalign_pixpaste|clip_similarity_target_image_edit_part
000000000000,9.752803,inf,0.0,0.0,100.0,24.254085540771484,25.62723159790039,25.27773094177246
000000000004,20.161293,inf,0.0,0.0,100.0,27.585750579833984,30.937835693359375,31.818065643310547
000000000009,25.2697,inf,0.0,0.0,99.99228715896606,26.778465270996094,23.779817581176758,24.026365280151367
000000000014,6.9615545,inf,0.0,0.0,99.99999403953552,19.275184631347656,21.767229080200195,20.76068115234375
000000000018,12.707,inf,0.0,0.0,99.99994039535522,26.482135772705078,29.072708129882812,16.956350326538086
000000000023,2.280177,inf,0.0,0.0,99.99994039535522,25.0826473236084,27.36930274963379,26.078325271606445
000000000028,5.001853,nan,nan,nan,nan,25.335756301879883,27.172452926635742,27.172452926635742
000000000032,2.3803267,inf,0.0,0.0,100.0,21.087308883666992,19.27008628845215,19.45124053955078
000000000037,0.36736602,inf,0.0,0.0,99.99980926513672,23.927160263061523,22.841020584106445,21.19465446472168
000000000042,0.5865198,inf,0.0,0.0,100.0,24.56931495666504,21.708757400512695,23.104164123535156
000000000046,9.025481,nan,nan,nan,nan,25.125455856323242,26.686603546142578,26.686603546142578
000000000051,14.500995,inf,0.0,0.0,100.0,28.493249893188477,31.826675415039062,25.800979614257812
000000000056,15.074315,inf,0.0,0.0,100.0,29.572147369384766,29.839061737060547,22.498414993286133
000000000060,3.6639266,inf,0.0,0.0,100.0,26.358322143554688,24.45097541809082,25.46258544921875
000000000065,2.2827134,inf,0.0,0.0,100.0,23.795291900634766,23.96770668029785,16.829296112060547
000000000070,0.43509403,nan,nan,nan,nan,27.19322395324707,28.0422420501709,28.0422420501709
000000000074,2.605846,inf,0.0,0.0,100.0,22.422426223754883,23.929712295532227,23.73689079284668
000000000079,9.280601,nan,nan,nan,nan,25.22629165649414,22.960147857666016,22.960147857666016
000000000084,3.9095435,inf,0.0,0.0,100.0,28.826274871826172,29.197919845581055,27.78531837463379
000000000088,1.8572576,inf,0.0,0.0,100.0,26.808324813842773,28.255414962768555,12.895191192626953
000000000093,42.445946,inf,0.0,0.0,99.9982237815857,23.494312286376953,22.95116424560547,20.481685638427734
000000000098,11.643878,inf,0.0,0.0,100.0,27.847599029541016,25.699094772338867,25.039073944091797
000000000102,3.5877929,inf,0.0,0.0,100.0,30.448509216308594,24.304590225219727,27.986034393310547
000000000107,0.08342984,inf,0.0,0.0,99.99811053276062,23.623403549194336,22.56169891357422,22.584278106689453
000000000112,3.9653103,inf,0.0,0.0,100.0,28.90278434753418,23.261802673339844,14.58183479309082
000000000116,6.0656123,inf,0.0,0.0,99.97793436050415,27.407424926757812,21.46600914001465,18.572032928466797
000000000121,3.444156,nan,nan,nan,nan,31.36351776123047,29.725444793701172,29.725444793701172
000000000126,10.645428,nan,nan,nan,nan,22.226985931396484,29.93525505065918,29.93525505065918
000000000130,4.465921,inf,0.0,0.0,99.9998688697815,29.824501037597656,32.09680938720703,21.122777938842773
000000000135,4.884659,inf,0.0,0.0,100.0,27.799617767333984,25.475852966308594,20.249317169189453
111000000000,15.862092,inf,0.0,0.0,99.99998807907104,23.034358978271484,22.680692672729492,20.64954376220703
111000000004,2.1988764,inf,0.0,0.0,99.99549388885498,32.126346588134766,28.033668518066406,9.67665958404541
111000000009,25.36376,inf,0.0,0.0,99.99713897705078,24.936857223510742,23.606739044189453,22.621442794799805
112000000004,9.469997,inf,0.0,0.0,100.0,25.950183868408203,22.726964950561523,16.707361221313477
112000000008,5.0420313,inf,0.0,0.0,99.99998807907104,30.590932846069336,26.180543899536133,28.269498825073242
113000000003,7.5823784,inf,0.0,0.0,100.0,26.26559829711914,25.547224044799805,28.22157096862793
113000000008,14.262224,inf,0.0,0.0,100.0,26.083946228027344,27.79102897644043,27.21971893310547
114000000002,0.33756915,inf,0.0,0.0,99.99998807907104,26.985586166381836,21.840105056762695,21.36760139465332
114000000007,24.649658,inf,0.0,0.0,100.0,26.927757263183594,26.562374114990234,22.683473587036133
121000000002,15.311565,inf,0.0,0.0,100.0,23.946714401245117,26.582178115844727,23.795589447021484
121000000007,32.734016,inf,0.0,0.0,100.0,25.938459396362305,19.84226417541504,20.31753921508789
122000000001,11.168805,inf,0.0,0.0,100.0,23.77091407775879,21.938058853149414,20.469833374023438
122000000006,10.607868,inf,0.0,0.0,100.0,29.633272171020508,30.739349365234375,25.774864196777344
123000000001,5.0162964,inf,0.0,0.0,100.0,26.40603256225586,20.173185348510742,20.365524291992188
123000000005,5.61643,inf,0.0,0.0,100.0,23.043977737426758,25.137269973754883,24.958633422851562
124000000000,5.946192,inf,0.0,0.0,99.99992847442627,26.313907623291016,27.388629913330078,19.159250259399414
124000000005,0.23524007,inf,0.0,0.0,100.0,28.16678810119629,22.33433723449707,19.62531280517578
211000000000,9.351205,inf,0.0,0.0,99.99999403953552,27.898239135742188,33.46273422241211,32.44780349731445
211000000004,3.7788196,nan,nan,nan,nan,29.888212203979492,31.10295295715332,31.10295295715332
211000000009,5.6627994,inf,0.0,0.0,100.0,32.233619689941406,31.042457580566406,30.148941040039062
212000000004,5.7717266,inf,0.0,0.0,99.96371269226074,27.7395076751709,30.87099266052246,22.562828063964844
212000000008,14.136669,nan,nan,nan,nan,18.980731964111328,24.058195114135742,24.058195114135742
213000000003,5.705665,nan,nan,nan,nan,25.329116821289062,29.188133239746094,29.188133239746094
213000000008,1.8239855,inf,0.0,0.0,100.0,24.974472045898438,24.202983856201172,16.630739212036133
214000000002,1.3581467,inf,0.0,0.0,99.99895095825195,28.13837242126465,28.08902931213379,26.770492553710938
214000000007,4.010719,nan,nan,nan,nan,23.678991317749023,24.17183494567871,24.17183494567871
221000000002,1.7407931,inf,0.0,0.0,99.99984502792358,26.683156967163086,30.568445205688477,21.85269546508789
221000000007,16.008514,nan,nan,nan,nan,27.699220657348633,26.145099639892578,26.145099639892578
222000000001,3.9952245,inf,0.0,0.0,99.99939203262329,23.354278564453125,22.93301010131836,19.775558471679688
222000000006,1.2510697,inf,0.0,0.0,100.0,17.99535369873047,15.698909759521484,20.176496505737305
223000000001,3.4684343,inf,0.0,0.0,99.99217987060547,25.897180557250977,29.01993751525879,25.713661193847656
223000000005,4.787708,nan,nan,nan,nan,21.244783401489258,24.852195739746094,24.852195739746094
224000000000,20.373034,inf,0.0,0.0,99.99804496765137,25.185997009277344,23.620521545410156,23.08437728881836
224000000005,4.1062226,inf,0.0,0.0,99.9997615814209,27.30318260192871,33.603477478027344,30.0689754486084
311000000000,9.585405,inf,0.0,0.0,99.99954104423523,28.34686279296875,21.54771614074707,10.391057014465332
311000000004,6.15384,inf,0.0,0.0,99.96495246887207,32.335941314697266,31.7446346282959,16.892004013061523
311000000009,1.6853561,inf,0.0,0.0,100.0,25.653827667236328,25.462108612060547,25.052026748657227
312000000004,6.607637,inf,0.0,0.0,99.95965361595154,33.54439163208008,24.133983612060547,13.332198143005371
312000000008,0.7608331,inf,0.0,0.0,99.99867677688599,25.897621154785156,22.748641967773438,11.234912872314453
313000000003,0.36102474,inf,0.0,0.0,100.0,24.440221786499023,24.25676918029785,17.7330379486084
313000000008,1.2418634,inf,0.0,0.0,100.0,26.677942276000977,26.698375701904297,11.507365226745605
314000000002,2.6576324,inf,0.0,0.0,99.99998807907104,25.91021728515625,25.626558303833008,21.063989639282227
314000000007,2.6575289,inf,0.0,0.0,99.99998807907104,22.87525749206543,21.34638786315918,16.482675552368164
321000000002,0.9649732,inf,0.0,0.0,100.0,28.56386375427246,28.814197540283203,23.708572387695312
321000000007,5.6189137,inf,0.0,0.0,100.0,30.77129364013672,16.950057983398438,15.01605224609375
322000000001,2.3592231,inf,0.0,0.0,100.0,24.407901763916016,23.435205459594727,12.627127647399902
322000000006,19.3949,inf,0.0,0.0,99.99910593032837,26.285850524902344,13.09150505065918,13.22046947479248
323000000001,4.106992,inf,0.0,0.0,100.0,31.299745559692383,30.563377380371094,7.013151168823242
323000000005,1.0553327,inf,0.0,0.0,100.0,25.02486801147461,25.82343864440918,26.6746883392334
324000000000,26.05459,inf,0.0,0.0,100.0,29.483165740966797,20.771806716918945,23.18659782409668
324000000005,1.0809734,inf,0.0,0.0,100.0,29.44573974609375,29.156068801879883,18.59282684326172
411000000000,1.8274167,inf,0.0,0.0,99.96163249015808,30.818017959594727,28.997772216796875,18.96266746520996
411000000004,12.244451,inf,0.0,0.0,100.0,32.44638442993164,31.025373458862305,23.520051956176758
412000000003,4.753157,inf,0.0,0.0,99.99998807907104,25.79702377319336,28.597042083740234,20.56197166442871
413000000003,2.8237004,inf,0.0,0.0,100.0,29.29642105102539,22.573339462280273,18.550678253173828
414000000002,2.1707668,inf,0.0,0.0,100.0,27.00579833984375,25.571744918823242,22.085695266723633
421000000002,6.9827523,inf,0.0,0.0,99.9998927116394,27.968469619750977,25.902786254882812,25.85556411743164
422000000001,5.6268396,inf,0.0,0.0,99.99998807907104,25.542842864990234,20.12095832824707,22.689971923828125
423000000001,0.9754715,inf,0.0,0.0,100.0,30.232746124267578,28.892499923706055,21.05029296875
424000000000,58.928112,inf,0.0,0.0,100.0,24.0800838470459,21.341468811035156,20.501710891723633
511000000000,7.2105937,inf,0.0,0.0,99.94782209396362,25.67310333251953,16.140213012695312,14.585351943969727
511000000004,7.19579,inf,0.0,0.0,99.9994695186615,26.124969482421875,26.286273956298828,20.020648956298828
512000000003,0.09175653,inf,0.0,0.0,99.99868273735046,26.121341705322266,25.99737548828125,17.327911376953125
513000000003,0.09230597,inf,0.0,0.0,100.0,29.453468322753906,28.998016357421875,8.180771827697754
514000000002,0.53501505,inf,0.0,0.0,100.0,31.74614906311035,30.693143844604492,18.7959041595459
521000000002,3.1703799,inf,0.0,0.0,100.0,26.390853881835938,26.73635482788086,25.39849853515625
522000000001,2.177441,inf,0.0,0.0,100.0,28.718433380126953,28.648406982421875,15.443799018859863
523000000001,13.010378,inf,0.0,0.0,100.0,29.70280647277832,32.157188415527344,32.6220817565918
524000000000,5.049459,nan,nan,nan,nan,23.603721618652344,24.557016372680664,24.557016372680664
611000000000,38.812984,inf,0.0,0.0,99.99998807907104,23.634122848510742,24.974254608154297,19.52819061279297
611000000004,9.9140415,inf,0.0,0.0,100.0,31.309154510498047,32.41871643066406,25.596363067626953
612000000003,3.09149,inf,0.0,0.0,100.0,30.59217643737793,28.072114944458008,20.611021041870117
613000000003,1.6623081,inf,0.0,0.0,100.0,24.854360580444336,20.815631866455078,22.245826721191406
614000000002,49.08328,inf,0.0,0.0,99.99992251396179,20.62757682800293,22.386056900024414,23.794851303100586
621000000002,7.6910305,inf,0.0,0.0,99.99434351921082,23.108123779296875,25.36482810974121,25.264877319335938
622000000001,3.7308187,inf,0.0,0.0,100.0,23.359045028686523,21.271671295166016,16.316423416137695
623000000001,0.38736233,inf,0.0,0.0,99.99999403953552,26.06874656677246,25.259845733642578,22.128217697143555
624000000000,4.1240897,inf,0.0,0.0,100.0,23.12819480895996,24.0440673828125,25.492033004760742
711000000000,26.013556,inf,0.0,0.0,99.99974966049194,24.531042098999023,26.843124389648438,25.882259368896484
711000000004,19.120075,inf,0.0,0.0,99.99992251396179,24.09305191040039,25.925891876220703,23.421710968017578
712000000003,7.3694677,inf,0.0,0.0,99.99997019767761,27.619487762451172,33.18031311035156,24.8955078125
713000000003,1.3068688,inf,0.0,0.0,99.99977350234985,22.816511154174805,25.227108001708984,20.504030227661133
714000000002,1.6217327,inf,0.0,0.0,99.99994039535522,28.545677185058594,23.047744750976562,19.264463424682617
721000000002,7.8685184,inf,0.0,0.0,99.99998807907104,28.330469131469727,28.127288818359375,26.142900466918945
722000000001,20.47136,inf,0.0,0.0,99.99957084655762,20.62944793701172,22.469823837280273,22.424442291259766
723000000001,6.7112117,inf,0.0,0.0,100.0,24.87190055847168,27.137041091918945,14.141440391540527
724000000000,2.331845,inf,0.0,0.0,99.99994039535522,24.01203155517578,21.337684631347656,21.57779884338379
811000000000,0.95152044,inf,0.0,0.0,99.99302625656128,22.558290481567383,22.537031173706055,14.712958335876465
811000000004,35.589962,inf,0.0,0.0,100.0,30.465423583984375,28.857707977294922,30.943286895751953
811000000009,0.1470376,inf,0.0,0.0,99.99622106552124,26.628376007080078,27.293426513671875,19.81235122680664
812000000004,14.97032,inf,0.0,0.0,99.99998807907104,23.246715545654297,23.007164001464844,21.13573455810547
812000000008,27.201153,inf,0.0,0.0,100.0,21.43265151977539,23.104774475097656,18.289417266845703
813000000003,14.465607,inf,0.0,0.0,100.0,23.20154571533203,24.07423210144043,23.603418350219727
813000000008,3.1752439,inf,0.0,0.0,100.0,27.096891403198242,24.847326278686523,17.970359802246094
814000000002,2.7979198,inf,0.0,0.0,99.99995231628418,26.461748123168945,24.359548568725586,24.314571380615234
814000000007,0.5395485,inf,0.0,0.0,99.99997019767761,25.414852142333984,19.69882583618164,22.168703079223633
821000000002,7.86248,nan,nan,nan,nan,24.20464515686035,30.059289932250977,30.059289932250977
821000000007,2.5960097,inf,0.0,0.0,99.99961853027344,25.934499740600586,25.118759155273438,22.473297119140625
822000000001,3.1487257,inf,0.0,0.0,100.0,28.7869930267334,28.17441749572754,26.462905883789062
822000000006,12.078077,inf,0.0,0.0,100.0,20.71031379699707,24.48231315612793,29.595609664916992
823000000001,17.493835,inf,0.0,0.0,100.0,25.536043167114258,27.453529357910156,25.73729133605957
823000000005,2.6549196,inf,0.0,0.0,99.99998807907104,24.226858139038086,20.585426330566406,17.980178833007812
824000000000,6.3208714,inf,0.0,0.0,99.99963641166687,20.871505737304688,23.172218322753906,18.81464958190918
824000000005,5.071671,inf,0.0,0.0,100.0,28.45729637145996,29.91200065612793,20.643611907958984
911000000000,3.6864493,nan,nan,nan,nan,27.278310775756836,28.84009552001953,28.84009552001953
911000000004,5.6094193,nan,nan,nan,nan,25.435728073120117,30.900972366333008,30.900972366333008
911000000009,3.9164376,nan,nan,nan,nan,24.25992202758789,27.301198959350586,27.301198959350586
912000000004,8.533824,nan,nan,nan,nan,27.654569625854492,22.978553771972656,22.978553771972656
912000000008,28.123404,nan,nan,nan,nan,24.912675857543945,31.979093551635742,31.979093551635742
913000000003,15.4655,nan,nan,nan,nan,19.77992820739746,30.629985809326172,30.629985809326172
913000000008,8.054718,nan,nan,nan,nan,27.44658660888672,31.957277297973633,31.957277297973633
914000000002,7.687369,nan,nan,nan,nan,24.19037437438965,25.504362106323242,25.504362106323242
914000000007,7.9863973,nan,nan,nan,nan,24.09084701538086,26.180076599121094,26.180076599121094
921000000002,18.873627,nan,nan,nan,nan,33.42213439941406,28.399505615234375,28.399505615234375
921000000007,54.385834,nan,nan,nan,nan,28.384096145629883,33.8577880859375,33.8577880859375
922000000001,34.479996,nan,nan,nan,nan,25.032155990600586,25.447294235229492,25.447294235229492
922000000006,6.6490655,nan,nan,nan,nan,22.14920997619629,23.09228515625,23.09228515625
923000000001,10.262977,nan,nan,nan,nan,20.079004287719727,29.088857650756836,29.088857650756836
923000000005,15.614492,nan,nan,nan,nan,26.262062072753906,31.271148681640625,31.271148681640625
924000000000,22.692375,nan,nan,nan,nan,24.67119598388672,31.225358963012695,31.225358963012695
924000000005,6.986301,nan,nan,nan,nan,26.007301330566406,27.364938735961914,27.364938735961914
