file_id,flowalign1024ds_nomask|structure_distance,flowalign1024ds_nomask|psnr_unedit_part,flowalign1024ds_nomask|lpips_unedit_part,flowalign1024ds_nomask|mse_unedit_part,flowalign1024ds_nomask|ssim_unedit_part,flowalign1024ds_nomask|clip_similarity_source_image,flowalign1024ds_nomask|clip_similarity_target_image,flowalign1024ds_nomask|clip_similarity_target_image_edit_part
000000000000,4.0536857,37.89031982421875,4.634193144738674,1.6254273941740394,99.20028448104858,24.254085540771484,28.19693946838379,27.570919036865234
000000000004,16.304756,31.918241500854492,25.887098163366318,6.429477944038808,97.29868769645691,27.585750579833984,31.93098258972168,32.49180603027344
111000000000,13.188008,27.589570999145508,18.693216145038605,17.419789219275117,92.09660291671753,23.034358978271484,18.596141815185547,18.81146812438965
111000000004,2.3554025,30.701169967651367,16.149871051311493,8.509086328558624,96.72327041625977,32.126346588134766,29.767414093017578,12.898382186889648
211000000000,6.8311357,34.954410552978516,11.101556941866875,3.1956465682014823,98.72045516967773,27.898239135742188,31.359556198120117,31.653011322021484
211000000004,2.3505137,nan,nan,nan,nan,29.888212203979492,31.866073608398438,31.866073608398438
311000000000,7.970555,32.705284118652344,11.603825725615025,5.363787640817463,98.83677363395691,28.34686279296875,22.4056453704834,9.250768661499023
311000000004,2.6539197,30.198795318603516,22.970618680119514,9.55257099121809,98.09104800224304,32.335941314697266,32.287227630615234,19.753915786743164
411000000000,0.40691724,30.747516632080078,19.614243879914284,8.418760844506323,97.98251390457153,30.818017959594727,30.371082305908203,17.8292179107666
411000000004,11.872112,29.215303421020508,25.467731058597565,11.980346171185374,96.11549377441406,32.44638442993164,32.23197937011719,19.83620834350586
511000000000,4.8481264,31.8613338470459,60.28212979435921,6.51428010314703,99.19021129608154,25.67310333251953,25.914230346679688,19.910802841186523
511000000004,10.312829,28.394222259521484,42.65572875738144,14.473634073510766,83.6316466331482,26.124969482421875,25.68875503540039,14.579524040222168
611000000000,36.07743,36.292598724365234,11.959252879023552,2.3482269898522645,98.51202964782715,23.634122848510742,26.81196403503418,18.338659286499023
611000000004,16.967892,37.688194274902344,55.22671714425087,1.7028646834660321,70.57995796203613,31.309154510498047,31.241405487060547,23.745574951171875
711000000000,15.202761,35.58021545410156,9.261098690330982,2.7668027905747294,99.75478053092957,24.531042098999023,28.698993682861328,24.593490600585938
711000000004,23.539614,31.700246810913086,35.4909747838974,6.760442047379911,97.52249121665955,24.09305191040039,24.16274642944336,23.567230224609375
811000000000,3.2227943,27.862747192382812,48.072271049022675,16.357809072360396,95.78105807304382,22.558290481567383,25.64171600341797,12.907761573791504
811000000004,13.597843,31.434288024902344,15.18972683697939,7.1873870911076665,97.33864665031433,30.465423583984375,27.648258209228516,29.34056854248047
911000000000,1.1435791,nan,nan,nan,nan,27.278310775756836,28.254667282104492,28.254667282104492
911000000004,2.6180997,nan,nan,nan,nan,25.435728073120117,29.306516647338867,29.306516647338867
