file_id,flowedit_gtmask|structure_distance,flowedit_gtmask|psnr_unedit_part,flowedit_gtmask|lpips_unedit_part,flowedit_gtmask|mse_unedit_part,flowedit_gtmask|ssim_unedit_part,flowedit_gtmask|clip_similarity_source_image,flowedit_gtmask|clip_similarity_target_image,flowedit_gtmask|clip_similarity_target_image_edit_part
000000000000,15.5345335,38.53605651855469,3.349877893924713,1.4008580183144659,96.65336608886719,24.254085540771484,26.508760452270508,26.35158348083496
000000000004,27.505379,35.899749755859375,7.3998598381876945,2.570542856119573,97.83193469047546,27.585750579833984,31.65746307373047,32.59241485595703
000000000009,44.082954,49.33306121826172,1.2444258900359273,0.1165986031992361,99.64858293533325,26.778465270996094,27.291532516479492,26.2703800201416
000000000014,14.266087,40.228111267089844,8.663841523230076,0.9488311479799449,97.49284982681274,19.275184631347656,23.408727645874023,24.256484985351562
000000000018,5.936915,35.536502838134766,6.983022205531597,2.7947904891334474,96.89524173736572,26.482135772705078,28.713584899902344,25.45288848876953
000000000023,9.813791,29.115955352783203,22.51007966697216,12.257569469511509,85.31112670898438,25.0826473236084,27.155029296875,24.72482681274414
000000000028,10.39543,nan,nan,nan,nan,25.335756301879883,27.125146865844727,27.125146865844727
000000000032,2.8407161,36.400657653808594,7.63092702254653,2.290519332746044,96.49084806442261,21.087308883666992,19.36256217956543,16.440433502197266
000000000037,0.57524407,26.046043395996094,27.96848490834236,24.853951763361692,82.5899600982666,23.927160263061523,23.103717803955078,15.527068138122559
000000000042,9.054949,38.320594787597656,13.006100431084633,1.4721095794811845,96.01978063583374,24.56931495666504,22.139127731323242,20.473953247070312
000000000046,15.914975,nan,nan,nan,nan,25.125455856323242,24.866214752197266,24.866214752197266
000000000051,14.325045,34.348045349121094,14.173813164234161,3.6744741373695433,96.21548652648926,28.493249893188477,27.525402069091797,24.852746963500977
000000000056,19.25554,30.021467208862305,18.78335513174534,9.95068927295506,82.14606046676636,29.572147369384766,28.541046142578125,22.168426513671875
000000000060,12.473292,39.91324234008789,8.673083037137985,1.020177369355224,98.79381656646729,26.358322143554688,23.969736099243164,24.137840270996094
000000000065,2.3107896,33.148834228515625,14.553563669323921,4.84302086988464,95.13322114944458,23.795291900634766,24.33356285095215,18.734130859375
000000000070,4.386035,nan,nan,nan,nan,27.19322395324707,25.513687133789062,25.513687133789062
000000000074,5.416413,35.57448959350586,7.1280766278505325,2.770455612335354,96.83116674423218,22.422426223754883,25.408924102783203,24.93067169189453
000000000079,10.605491,nan,nan,nan,nan,25.22629165649414,26.176504135131836,26.176504135131836
000000000084,20.33857,32.74654006958008,9.250913746654987,5.313073634169996,97.71965742111206,28.826274871826172,27.771621704101562,28.12308692932129
000000000088,1.8631682,24.623119354248047,29.614344239234924,34.489582758396864,70.8171010017395,26.808324813842773,30.933792114257812,21.97361183166504
000000000093,42.187347,37.24359893798828,3.670056816190481,1.8864271987695247,99.21894073486328,23.494312286376953,26.306751251220703,24.808290481567383
000000000098,7.861187,31.9353084564209,12.950090691447258,6.404260639101267,96.82912826538086,27.847599029541016,22.129297256469727,21.119382858276367
000000000102,8.571096,38.20566940307617,4.379479214549065,1.511586451670155,98.15053939819336,30.448509216308594,23.114870071411133,22.362215042114258
000000000107,1.8922602,29.12286376953125,18.688533455133438,12.238082708790898,91.23851656913757,23.623403549194336,23.23312759399414,22.588991165161133
000000000112,9.104156,25.508623123168945,32.71494060754776,28.12792779877782,87.58541345596313,28.90278434753418,28.372365951538086,25.256010055541992
000000000116,5.685075,31.14759063720703,12.276709079742432,7.677871617488563,95.66608667373657,27.407424926757812,22.091838836669922,23.198896408081055
000000000121,20.611761,nan,nan,nan,nan,31.36351776123047,30.24173927307129,30.24173927307129
000000000126,39.881416,nan,nan,nan,nan,22.226985931396484,27.946304321289062,27.946304321289062
000000000130,6.766051,36.689884185791016,7.777276914566755,2.142946468666196,97.58182764053345,29.824501037597656,32.411460876464844,27.615123748779297
000000000135,11.427681,36.49342727661133,9.266648441553116,2.242110640509054,97.17550277709961,27.799617767333984,26.669815063476562,23.22468376159668
111000000000,48.516697,27.851369857788086,15.944408252835274,16.400717431679368,90.0392234325409,23.034358978271484,21.99675750732422,22.60136604309082
111000000004,1.7870442,30.905981063842773,8.971896022558212,8.117117104120553,93.58762502670288,32.126346588134766,30.11233139038086,14.556085586547852
111000000009,37.548855,27.711801528930664,22.832415997982025,16.936348984017968,92.36311316490173,24.936857223510742,25.951866149902344,22.254100799560547
112000000004,10.657133,33.08770751953125,8.144713938236237,4.911668365821242,95.94587087631226,25.950183868408203,24.193599700927734,20.157997131347656
112000000008,7.018735,32.59175109863281,10.812557302415371,5.505852750502527,96.68711423873901,30.590932846069336,23.471345901489258,27.97344398498535
113000000003,10.30225,34.721256256103516,10.252025909721851,3.3718955819495022,97.3783016204834,26.26559829711914,29.21823501586914,25.956466674804688
113000000008,15.395185,29.566442489624023,13.971896842122078,11.049833847209811,92.36313700675964,26.083946228027344,24.650541305541992,22.87624168395996
114000000002,0.93038964,36.3637809753418,9.004266932606697,2.3100513499230146,96.68025374412537,26.985586166381836,22.52093505859375,20.569320678710938
114000000007,13.410328,31.0328311920166,11.99101097881794,7.883459911681712,92.2364354133606,26.927757263183594,25.82223129272461,22.078197479248047
121000000002,21.118683,27.612407684326172,27.88633480668068,17.328428803011775,83.15315246582031,23.946714401245117,25.4917049407959,24.4471492767334
121000000007,49.782135,37.21919631958008,8.83846078068018,1.8970563542097807,97.74894714355469,25.938459396362305,29.10909652709961,28.075164794921875
122000000001,11.84966,31.514606475830078,16.74763299524784,7.055685855448246,95.76103091239929,23.77091407775879,25.224742889404297,20.08555793762207
122000000006,14.868934,32.544822692871094,10.226372629404068,5.565672763623297,94.20703649520874,29.633272171020508,27.694141387939453,23.24974250793457
123000000001,3.0468981,42.92780685424805,14.149131253361702,0.5095882806926966,98.50062131881714,26.40603256225586,23.941741943359375,27.041027069091797
123000000005,6.5212817,30.11986541748047,18.392836675047874,9.727771393954754,90.45983552932739,23.043977737426758,24.933839797973633,22.98180389404297
124000000000,10.697276,36.28047561645508,12.583767995238304,2.354790922254324,97.0425009727478,26.313907623291016,27.78885269165039,24.94434928894043
124000000005,0.57209986,32.550846099853516,24.642251431941986,5.5579590843990445,89.13151025772095,28.16678810119629,24.529260635375977,22.917388916015625
211000000000,30.542635,37.74519729614258,4.934569355100393,1.6806602070573717,98.20321798324585,27.898239135742188,32.269142150878906,31.613672256469727
211000000004,29.890419,nan,nan,nan,nan,29.888212203979492,36.826751708984375,36.826751708984375
211000000009,19.09687,36.67512130737305,5.908431950956583,2.1502426534425467,98.39853048324585,32.233619689941406,30.80326271057129,29.96769905090332
212000000004,4.1483707,32.15488052368164,7.110591046512127,6.088523077778518,97.74398803710938,27.7395076751709,26.70216941833496,16.081056594848633
212000000008,20.359901,nan,nan,nan,nan,18.980731964111328,26.037147521972656,26.037147521972656
213000000003,33.79611,nan,nan,nan,nan,25.329116821289062,30.500925064086914,30.500925064086914
213000000008,6.18716,31.30388832092285,17.219528555870056,7.406466756947339,93.7976062297821,24.974472045898438,24.109590530395508,20.879459381103516
214000000002,10.781955,30.842287063598633,40.92298075556755,8.237040019594133,97.05693125724792,28.13837242126465,27.03176498413086,26.727920532226562
214000000007,32.444332,nan,nan,nan,nan,23.678991317749023,27.807950973510742,27.807950973510742
221000000002,4.8673463,36.1456184387207,9.766018018126488,2.429057058179751,94.69553828239441,26.683156967163086,31.70972442626953,20.123538970947266
221000000007,20.953823,nan,nan,nan,nan,27.699220657348633,27.512216567993164,27.512216567993164
222000000001,13.393069,39.31398010253906,5.656670778989792,1.1711208935594186,99.00967478752136,23.354278564453125,23.834251403808594,27.961301803588867
222000000006,2.6586308,38.793907165527344,8.143259212374687,1.320107257924974,97.76718616485596,17.99535369873047,21.24640655517578,23.20270538330078
223000000001,2.6844757,39.09026336669922,6.7123426124453545,1.2330294703133404,99.2976427078247,25.897180557250977,28.588706970214844,30.277311325073242
223000000005,14.342861,nan,nan,nan,nan,21.244783401489258,24.565038681030273,24.565038681030273
224000000000,10.007046,44.53068161010742,4.018459469079971,0.35231554647907615,99.07230138778687,25.185997009277344,26.634220123291016,26.74788475036621
224000000005,5.814665,40.10517883300781,6.978681311011314,0.9760718239704147,99.1632342338562,27.30318260192871,36.34402084350586,37.2547607421875
311000000000,5.5439086,34.88735580444336,6.67947344481945,3.2453701714985073,98.58040809631348,28.34686279296875,21.339468002319336,14.838411331176758
311000000004,1.4253246,33.5951042175293,6.073218770325184,4.370080714579672,97.00095057487488,32.335941314697266,32.09494400024414,20.020130157470703
311000000009,13.973727,36.2895622253418,11.892630718648434,2.349869319004938,94.82952952384949,25.653827667236328,24.021350860595703,25.434938430786133
312000000004,4.035089,35.18107986450195,5.976067390292883,3.0331371817737818,97.63864278793335,33.54439163208008,28.1377010345459,18.811948776245117
312000000008,0.32986724,30.589372634887695,10.572347790002823,8.730970439501107,92.96088218688965,25.897621154785156,24.065494537353516,11.650848388671875
313000000003,1.071593,26.11325454711914,24.733800441026688,24.47228180244565,81.2954843044281,24.440221786499023,23.855464935302734,21.698928833007812
313000000008,4.6693215,33.12726974487305,10.205942206084728,4.8671275726519525,95.15575170516968,26.677942276000977,26.826786041259766,8.610164642333984
314000000002,12.933155,33.776058197021484,9.128912352025509,4.191735060885549,97.63402938842773,25.91021728515625,26.17405128479004,25.348590850830078
314000000007,5.95736,29.709632873535156,20.94385027885437,10.691449278965592,88.27589750289917,22.87525749206543,24.347415924072266,18.586469650268555
321000000002,7.8084064,29.292146682739258,7.386473473161459,11.770238634198904,97.87020087242126,28.56386375427246,28.55314064025879,26.623619079589844
321000000007,11.513878,32.00303268432617,18.29899474978447,6.305168499238789,93.13210248947144,30.77129364013672,18.405014038085938,18.660877227783203
322000000001,0.45221615,37.380149841308594,8.804740384221077,1.8280379299540073,97.04791903495789,24.407901763916016,23.867919921875,8.530505180358887
322000000006,1.70495,37.135009765625,4.475604742765427,1.934189349412918,97.89034724235535,26.285850524902344,14.858868598937988,12.69349193572998
323000000001,4.8698134,33.37614822387695,12.513475492596626,4.596052167471498,94.31084990501404,31.299745559692383,30.745500564575195,11.67729377746582
323000000005,5.754797,30.031564712524414,12.63425126671791,9.927577339112759,94.82447504997253,25.02486801147461,29.479509353637695,29.033815383911133
324000000000,6.2530475,38.16699981689453,6.37727091088891,1.5251051809173077,96.35610580444336,29.483165740966797,18.293806076049805,18.427417755126953
324000000005,1.0439273,29.298011779785156,16.48528128862381,11.754351435229182,92.10731387138367,29.44573974609375,29.32334327697754,17.90287971496582
411000000000,1.1108481,31.399639129638672,7.058285642415285,7.244961452670395,96.74209356307983,30.818017959594727,31.010374069213867,23.084897994995117
411000000004,20.998085,30.842548370361328,12.665068730711937,8.236545254476368,94.49275732040405,32.44638442993164,31.80019760131836,23.016956329345703
412000000003,0.5358773,34.6297721862793,12.21909187734127,3.443678142502904,94.0908133983612,25.79702377319336,27.843021392822266,19.674755096435547
413000000003,8.482266,31.723939895629883,13.246900402009487,6.723661790601909,92.7949607372284,29.29642105102539,22.406219482421875,19.889665603637695
414000000002,12.76365,33.25815963745117,4.854312632232904,4.722629673779011,97.75904417037964,27.00579833984375,25.878217697143555,24.640878677368164
421000000002,21.624924,34.241363525390625,13.99461179971695,3.7658552173525095,97.29064702987671,27.968469619750977,25.195636749267578,24.525651931762695
422000000001,2.7376456,35.27781295776367,8.972136303782463,2.9663226450793445,96.54048681259155,25.542842864990234,22.524816513061523,23.893516540527344
423000000001,3.217719,28.56168556213379,14.179443940520287,13.926158426329494,86.40192747116089,30.232746124267578,27.872037887573242,18.62516975402832
424000000000,51.140377,29.401473999023438,19.913434982299805,11.47763803601265,87.62995600700378,24.0800838470459,20.912635803222656,21.269643783569336
511000000000,3.8251884,36.265533447265625,2.3838321212679148,2.362906379858032,99.73474740982056,25.67310333251953,26.377307891845703,22.47921371459961
511000000004,10.521139,28.61484146118164,15.475808642804623,13.756750850006938,83.33653211593628,26.124969482421875,26.87542152404785,25.159374237060547
512000000003,1.1568205,31.13823699951172,18.096614629030228,7.6944270404055715,91.42926931381226,26.121341705322266,25.00745964050293,18.622011184692383
513000000003,1.4657131,33.49291229248047,9.571069851517677,4.4741330202668905,94.90382671356201,29.453468322753906,27.700502395629883,12.229729652404785
514000000002,5.840298,22.98444175720215,30.780529603362083,50.29857158660889,78.53841781616211,31.74614906311035,31.26329231262207,20.851716995239258
521000000002,13.72433,32.67605209350586,13.735571876168251,5.400010268203914,94.82964277267456,26.390853881835938,26.828380584716797,26.47142791748047
522000000001,1.7073616,29.918336868286133,23.18127267062664,10.189813328906894,88.9452338218689,28.718433380126953,30.21506690979004,14.39396858215332
523000000001,15.9775095,34.54249572753906,2.665051259100437,3.5135840880684555,97.64832258224487,29.70280647277832,30.186180114746094,28.049713134765625
524000000000,13.159718,nan,nan,nan,nan,23.603721618652344,22.859073638916016,22.859073638916016
611000000000,24.751509,37.93412399291992,7.817878387868404,1.609115715837106,97.95107841491699,23.634122848510742,22.770118713378906,14.241327285766602
611000000004,41.540302,33.27109146118164,47.6793497800827,4.708589985966682,88.81582617759705,31.309154510498047,30.479717254638672,26.566478729248047
612000000003,3.48611,34.73202896118164,9.292357601225376,3.3635436557233334,96.68072462081909,30.59217643737793,26.70442771911621,20.53365135192871
613000000003,4.867932,31.14765739440918,14.46326170116663,7.677755202166736,93.51071119308472,24.854360580444336,22.882118225097656,22.15441131591797
614000000002,27.842432,41.189178466796875,6.478584837168455,0.7604696293128654,99.05679225921631,20.62757682800293,25.10907745361328,25.233131408691406
621000000002,5.89028,34.45619201660156,9.413415566086769,3.584104124456644,97.57347106933594,23.108123779296875,27.540992736816406,25.60011100769043
622000000001,3.6513605,29.259679794311523,27.686461806297302,11.858559446409345,91.3874626159668,23.359045028686523,24.510517120361328,20.573867797851562
623000000001,2.630222,34.88404083251953,13.507591560482979,3.2478480716235936,93.79372596740723,26.06874656677246,26.298084259033203,26.03958511352539
624000000000,16.884975,30.714519500732422,22.017350420355797,8.482968551106751,96.17530703544617,23.12819480895996,23.760982513427734,25.617685317993164
711000000000,32.304844,36.350284576416016,2.698251511901617,2.317243051948026,99.66473579406738,24.531042098999023,29.850679397583008,28.38648796081543
711000000004,39.19253,34.82915496826172,9.903443977236748,3.2891554292291403,98.59647750854492,24.09305191040039,24.783584594726562,24.69584083557129
712000000003,9.735819,35.9693489074707,12.66503520309925,2.529674384277314,97.21910357475281,27.619487762451172,32.52922821044922,32.31721115112305
713000000003,11.777036,31.391897201538086,18.183432519435883,7.257882971316576,92.68805384635925,22.816511154174805,26.924137115478516,22.39752197265625
714000000002,1.814341,31.482524871826172,17.283335328102112,7.107998826541007,93.16982626914978,28.545677185058594,28.70241928100586,22.793415069580078
721000000002,13.902868,30.079204559326172,20.17967402935028,9.81927732937038,93.49414706230164,28.330469131469727,28.71994400024414,25.4307804107666
722000000001,12.670099,40.19247817993164,3.1477296724915504,0.9566475637257099,99.06390905380249,20.62944793701172,22.87997817993164,21.25506019592285
723000000001,10.354417,31.83125877380371,13.557489030063152,6.559549365192652,94.00243759155273,24.87190055847168,27.07455062866211,18.947717666625977
724000000000,14.776781,36.34227752685547,9.868795052170753,2.3215182591229677,98.94427061080933,24.01203155517578,25.066709518432617,24.742368698120117
811000000000,2.7659068,31.75657081604004,7.711938116699457,6.67333195451647,97.16581106185913,22.558290481567383,20.2729549407959,11.26252269744873
811000000004,10.848384,31.007545471191406,11.736168526113033,7.929492858238518,95.70995569229126,30.465423583984375,28.46141242980957,29.729223251342773
811000000009,2.88899,27.56623649597168,10.103655979037285,17.513640923425555,95.84411382675171,26.628376007080078,25.399145126342773,17.18663787841797
812000000004,9.387831,33.185020446777344,11.014604941010475,4.8028360470198095,95.47755122184753,23.246715545654297,22.975984573364258,21.86297035217285
812000000008,14.238604,31.81951141357422,9.113997220993042,6.577314925380051,97.00562357902527,21.43265151977539,28.947751998901367,31.905609130859375
813000000003,23.75341,34.224578857421875,8.39906930923462,3.7804347812198102,94.40383315086365,23.20154571533203,24.49628257751465,27.09161949157715
813000000008,4.575672,36.80513381958008,3.366943448781967,2.086827880702913,96.53640985488892,27.096891403198242,25.2863712310791,19.053491592407227
814000000002,2.3087208,44.98250961303711,2.3085721768438816,0.31750387279316783,99.57839846611023,26.461748123168945,25.52126693725586,24.787443161010742
814000000007,0.81604445,35.37604522705078,6.34241895750165,2.899982500821352,96.26497030258179,25.414852142333984,23.964496612548828,23.577089309692383
821000000002,22.718203,nan,nan,nan,nan,24.20464515686035,28.253768920898438,28.253768920898438
821000000007,6.024273,31.411333084106445,12.941284105181694,7.22547760233283,95.50527930259705,25.934499740600586,27.56195640563965,23.85015869140625
822000000001,10.838586,30.116153717041016,15.15995990484953,9.736084030009806,93.14779043197632,28.7869930267334,28.705141067504883,22.413944244384766
822000000006,19.069695,32.2724609375,8.59297439455986,5.925894365645945,96.45713567733765,20.71031379699707,26.19202423095703,33.42048263549805
823000000001,8.6093645,28.402446746826172,10.845770128071308,14.446250861510634,89.11520838737488,25.536043167114258,24.9334716796875,22.53864097595215
823000000005,8.926725,25.60399627685547,18.78511719405651,27.516952250152826,90.5903697013855,24.226858139038086,21.15420150756836,20.372182846069336
824000000000,5.3106847,39.27491760253906,7.663976401090622,1.181702536996454,97.92327880859375,20.871505737304688,25.361324310302734,22.206905364990234
824000000005,12.289354,33.06911087036133,5.62978396192193,4.932747688144445,97.83077239990234,28.45729637145996,27.665407180786133,23.924571990966797
911000000000,23.109907,nan,nan,nan,nan,27.278310775756836,31.10755157470703,31.10755157470703
911000000004,39.99375,nan,nan,nan,nan,25.435728073120117,29.53650665283203,29.53650665283203
911000000009,30.624659,nan,nan,nan,nan,24.25992202758789,29.472270965576172,29.472270965576172
912000000004,14.932865,nan,nan,nan,nan,27.654569625854492,33.51675033569336,33.51675033569336
912000000008,40.273937,nan,nan,nan,nan,24.912675857543945,32.62025833129883,32.62025833129883
913000000003,40.189213,nan,nan,nan,nan,19.77992820739746,32.823909759521484,32.823909759521484
913000000008,37.055447,nan,nan,nan,nan,27.44658660888672,33.170692443847656,33.170692443847656
914000000002,28.854929,nan,nan,nan,nan,24.19037437438965,23.38231086730957,23.38231086730957
914000000007,24.562992,nan,nan,nan,nan,24.09084701538086,27.101123809814453,27.101123809814453
921000000002,53.31469,nan,nan,nan,nan,33.42213439941406,32.38312530517578,32.38312530517578
921000000007,40.8812,nan,nan,nan,nan,28.384096145629883,30.596736907958984,30.596736907958984
922000000001,35.446476,nan,nan,nan,nan,25.032155990600586,32.553977966308594,32.553977966308594
922000000006,21.949284,nan,nan,nan,nan,22.14920997619629,26.510757446289062,26.510757446289062
923000000001,12.542585,nan,nan,nan,nan,20.079004287719727,20.62950325012207,20.62950325012207
923000000005,25.559437,nan,nan,nan,nan,26.262062072753906,27.033647537231445,27.033647537231445
924000000000,24.905245,nan,nan,nan,nan,24.67119598388672,30.367862701416016,30.367862701416016
924000000005,10.085905,nan,nan,nan,nan,26.007301330566406,26.918169021606445,26.918169021606445
