file_id,flowalign_minmax_nomask|structure_distance,flowalign_minmax_nomask|psnr_unedit_part,flowalign_minmax_nomask|lpips_unedit_part,flowalign_minmax_nomask|mse_unedit_part,flowalign_minmax_nomask|ssim_unedit_part,flowalign_minmax_nomask|clip_similarity_source_image,flowalign_minmax_nomask|clip_similarity_target_image,flowalign_minmax_nomask|clip_similarity_target_image_edit_part
000000000000,11.929775,32.07997512817383,12.029269710183144,6.194445886649191,94.57106590270996,24.254085540771484,24.803730010986328,25.257509231567383
000000000004,26.589542,28.953536987304688,34.082964062690735,12.724659172818065,95.46129107475281,27.585750579833984,31.712562561035156,31.602710723876953
111000000000,50.047764,20.665796279907227,58.77538397908211,85.7867393642664,80.94887137413025,23.034358978271484,21.104690551757812,21.085071563720703
111000000004,5.690554,23.569929122924805,24.86533671617508,43.95485855638981,87.31129169464111,32.126346588134766,28.922962188720703,10.328179359436035
211000000000,28.496635,27.754390716552734,23.520834743976593,16.771069495007396,94.87492442131042,27.898239135742188,33.123531341552734,32.363094329833984
211000000004,4.5078964,nan,nan,nan,nan,29.888212203979492,31.48769760131836,31.48769760131836
311000000000,10.130584,23.470806121826172,33.79535302519798,44.969627633690834,96.83699607849121,28.34686279296875,21.394495010375977,10.820809364318848
311000000004,9.607204,23.87991714477539,22.115767002105713,40.92684481292963,94.89216804504395,32.335941314697266,32.14324951171875,16.379289627075195
411000000000,3.8723798,22.973514556884766,20.104333758354187,50.42530130594969,95.2006995677948,30.818017959594727,30.475807189941406,17.747974395751953
411000000004,37.545876,21.92422103881836,52.92501673102379,64.2063096165657,87.6299500465393,32.44638442993164,33.7338981628418,24.460752487182617
511000000000,7.604345,22.770030975341797,97.23403304815292,52.84413695335388,98.02427291870117,25.67310333251953,23.643354415893555,15.465229988098145
511000000004,522.3511,17.222501754760742,102.26482152938843,189.56128507852554,55.98626136779785,26.124969482421875,26.684682846069336,18.854015350341797
611000000000,68.05502,31.220449447631836,27.390941977500916,7.550137233920395,96.14099264144897,23.634122848510742,27.108165740966797,19.39850616455078
611000000004,567.94885,17.60591697692871,198.8898515701294,173.54348674416542,28.920620679855347,31.309154510498047,32.94840621948242,25.616191864013672
711000000000,27.015022,21.805452346801758,34.49433296918869,65.98643958568573,97.94313907623291,24.531042098999023,26.74843978881836,25.791723251342773
711000000004,37.846943,24.373369216918945,57.227086275815964,36.53110936284065,94.17416453361511,24.09305191040039,22.527099609375,23.370433807373047
811000000000,2.804938,23.468177795410156,50.90687796473503,44.996836222708225,93.0292010307312,22.558290481567383,25.376516342163086,14.599031448364258
811000000004,79.73605,24.940235137939453,31.52308613061905,32.06095425412059,90.8848226070404,30.465423583984375,28.36354637145996,30.45305633544922
911000000000,4.318763,nan,nan,nan,nan,27.278310775756836,28.687009811401367,28.687009811401367
911000000004,4.046649,nan,nan,nan,nan,25.435728073120117,31.097110748291016,31.097110748291016
