file_id,flowalign1024_nomask|structure_distance,flowalign1024_nomask|psnr_unedit_part,flowalign1024_nomask|lpips_unedit_part,flowalign1024_nomask|mse_unedit_part,flowalign1024_nomask|ssim_unedit_part,flowalign1024_nomask|clip_similarity_source_image,flowalign1024_nomask|clip_similarity_target_image,flowalign1024_nomask|clip_similarity_target_image_edit_part
000000000000,133.1558,13.953022003173828,162.04538941383362,402.43688970804214,73.5491693019867,24.254085540771484,23.045886993408203,17.258010864257812
000000000004,87.75667,13.913535118103027,227.82182693481445,406.1124846339226,73.69477152824402,27.585750579833984,32.58711624145508,25.650236129760742
111000000000,214.45448,11.69767951965332,279.94516491889954,676.4442473649979,61.94061636924744,23.034358978271484,18.285757064819336,20.807126998901367
111000000004,153.13408,13.054389953613281,483.05732011795044,494.9496313929558,57.01404809951782,32.126346588134766,25.74396514892578,13.411768913269043
211000000000,107.89548,17.160356521606445,194.69046592712402,192.29335710406303,77.02068090438843,27.898239135742188,30.045663833618164,25.71803855895996
211000000004,111.90882,nan,nan,nan,nan,29.888212203979492,33.0456657409668,33.0456657409668
311000000000,46.165268,16.910903930664062,225.1337468624115,203.6617137491703,87.27123141288757,28.34686279296875,18.343076705932617,12.348786354064941
311000000004,187.2729,9.96852970123291,490.0020658969879,1007.2726011276245,60.315340757369995,32.335941314697266,31.5279483795166,20.132572174072266
411000000000,157.46188,8.438109397888184,498.88551235198975,1432.8114688396454,51.10549330711365,30.818017959594727,27.261205673217773,17.673830032348633
411000000004,110.17448,11.316754341125488,374.2508888244629,738.4557276964188,45.19263505935669,32.44638442993164,28.861215591430664,16.144031524658203
511000000000,26.840252,20.400440216064453,85.90324968099594,91.19179099798203,96.58788442611694,25.67310333251953,16.020540237426758,17.660104751586914
511000000004,418.99454,6.412813663482666,580.7132124900818,2284.1183841228485,28.52698564529419,26.124969482421875,28.4884090423584,17.974519729614258
611000000000,264.9022,25.732900619506836,126.36597454547882,26.712215039879084,88.57004046440125,23.634122848510742,15.227547645568848,17.368221282958984
611000000004,625.7758,13.383851051330566,250.92652440071106,458.79095792770386,54.15167808532715,31.309154510498047,23.007932662963867,14.93229866027832
711000000000,102.64422,9.312738418579102,203.21397483348846,1171.456202864647,82.0558249950409,24.531042098999023,26.2688045501709,21.348527908325195
711000000004,158.45703,19.036664962768555,151.25805139541626,124.83417056500912,84.6399188041687,24.09305191040039,22.634437561035156,24.261667251586914
811000000000,32.35761,17.853050231933594,186.967134475708,163.94373029470444,84.07857418060303,22.558290481567383,24.688501358032227,21.19510269165039
811000000004,233.45926,18.1542911529541,199.03986155986786,152.95754186809063,75.66680908203125,30.465423583984375,25.06864356994629,29.097640991210938
911000000000,71.75006,nan,nan,nan,nan,27.278310775756836,21.423568725585938,21.423568725585938
911000000004,96.16919,nan,nan,nan,nan,25.435728073120117,24.615039825439453,24.615039825439453
