file_id,flowalign_gtmask|structure_distance,flowalign_gtmask|psnr_unedit_part,flowalign_gtmask|lpips_unedit_part,flowalign_gtmask|mse_unedit_part,flowalign_gtmask|ssim_unedit_part,flowalign_gtmask|clip_similarity_source_image,flowalign_gtmask|clip_similarity_target_image,flowalign_gtmask|clip_similarity_target_image_edit_part
000000000000,9.175215,38.79842758178711,3.374147228896618,1.318733993684873,96.62097692489624,24.254085540771484,25.919506072998047,26.08185386657715
000000000004,20.293089,38.55763626098633,6.144607439637184,1.3939139898866415,98.0815589427948,27.585750579833984,30.274322509765625,31.736316680908203
000000000009,29.425943,46.95978927612305,1.0937642073258758,0.201381972146919,99.65510368347168,26.778465270996094,24.24019432067871,25.166507720947266
000000000014,2.5883436,41.53750228881836,7.057068403810263,0.7018589531071484,97.55653142929077,19.275184631347656,20.179771423339844,19.406118392944336
000000000018,11.904623,35.93849182128906,6.526541896164417,2.547715848777443,96.9766616821289,26.482135772705078,30.009443283081055,16.654157638549805
000000000023,2.1055536,30.634845733642578,16.109803691506386,8.640031446702778,85.95401644706726,25.0826473236084,26.808469772338867,25.494272232055664
000000000028,5.001853,nan,nan,nan,nan,25.335756301879883,27.172452926635742,27.172452926635742
000000000032,2.2939246,37.254764556884766,6.375899538397789,1.881583157228306,96.60320281982422,21.087308883666992,20.453571319580078,18.740772247314453
000000000037,0.561859,26.016983032226562,27.916546911001205,25.020826142281294,82.53735899925232,23.927160263061523,23.542016983032227,16.333568572998047
000000000042,1.2426202,38.44180679321289,12.54518423229456,1.431590790161863,96.07660174369812,24.56931495666504,22.355600357055664,22.653230667114258
000000000046,9.025481,nan,nan,nan,nan,25.125455856323242,26.686603546142578,26.686603546142578
000000000051,13.007914,33.646915435791016,22.22498133778572,4.318254941608757,94.99764442443848,28.493249893188477,29.317808151245117,27.919208526611328
000000000056,17.206284,30.050552368164062,17.259303480386734,9.88426967523992,82.18302130699158,29.572147369384766,29.111421585083008,21.88960838317871
000000000060,4.506504,45.71396255493164,2.1276746410876513,0.26828935006051324,99.20388460159302,26.358322143554688,24.27118682861328,25.941913604736328
000000000065,3.1404183,33.203975677490234,14.563798904418945,4.781919997185469,95.12521624565125,23.795291900634766,24.20270347595215,17.35072135925293
000000000070,0.43509403,nan,nan,nan,nan,27.19322395324707,28.0422420501709,28.0422420501709
000000000074,2.7320807,36.528175354003906,6.351933814585209,2.224241616204381,97.09311723709106,22.422426223754883,24.944326400756836,23.874439239501953
000000000079,9.280601,nan,nan,nan,nan,25.22629165649414,22.960147857666016,22.960147857666016
000000000084,4.0839667,40.291690826416016,4.366275854408741,0.9350412437925115,98.34460020065308,28.826274871826172,29.990413665771484,30.83428192138672
000000000088,2.273719,24.604455947875977,29.93233874440193,34.63811939582229,70.79237699508667,26.808324813842773,29.660734176635742,13.540063858032227
000000000093,36.15618,36.00925064086914,6.25741109251976,2.5065409136004746,99.17933344841003,23.494312286376953,26.778491973876953,24.656295776367188
000000000098,12.105875,42.29134750366211,5.116616375744343,0.5900176984141581,98.05543422698975,27.847599029541016,24.42500877380371,24.08222770690918
000000000102,3.7609885,39.90687561035156,3.316408023238182,1.02167425211519,98.3407974243164,30.448509216308594,25.080459594726562,26.60718536376953
000000000107,0.18049547,29.481470108032227,18.06931011378765,11.268153320997953,91.36161804199219,23.623403549194336,22.740455627441406,22.311601638793945
000000000112,3.3398652,25.81046485900879,28.45214679837227,26.23937325552106,87.90037035942078,28.90278434753418,32.772274017333984,19.54247283935547
000000000116,7.2574577,30.9442195892334,11.024930514395237,8.045959402807057,95.59592008590698,27.407424926757812,23.800907135009766,19.29485511779785
000000000121,3.444156,nan,nan,nan,nan,31.36351776123047,29.725444793701172,29.725444793701172
000000000126,10.645428,nan,nan,nan,nan,22.226985931396484,29.93525505065918,29.93525505065918
000000000130,3.511518,36.11439895629883,8.68171639740467,2.446583821438253,97.52222299575806,29.824501037597656,31.191904067993164,14.989622116088867
000000000135,4.664372,36.70818328857422,8.792431093752384,2.1339382510632277,97.2192645072937,27.799617767333984,26.89327621459961,23.886455535888672
111000000000,18.860437,30.942873001098633,8.32567922770977,8.048454765230417,90.501469373703,23.034358978271484,19.268352508544922,20.63377571105957
111000000004,2.5418744,31.16351318359375,8.428105153143406,7.649771869182587,93.70690584182739,32.126346588134766,28.836063385009766,12.805214881896973
111000000009,24.30107,29.271045684814453,16.544414684176445,11.827562702819705,92.74033308029175,24.936857223510742,22.86542320251465,21.597349166870117
112000000004,3.6597207,33.5808219909668,7.625135593116283,4.384475760161877,96.10100984573364,25.950183868408203,23.656564712524414,17.663286209106445
112000000008,6.381862,34.24896240234375,10.104871354997158,3.7592719309031963,97.01644778251648,30.590932846069336,23.569852828979492,27.61615753173828
113000000003,9.483553,34.73115539550781,9.263183921575546,3.3642197377048433,97.3345935344696,26.26559829711914,26.3099365234375,27.105682373046875
113000000008,15.954252,29.70802879333496,13.981218449771404,10.695401579141617,92.45814085006714,26.083946228027344,25.740453720092773,26.84026336669922
114000000002,0.50474423,36.66819381713867,8.852723985910416,2.1536764688789845,96.71939611434937,26.985586166381836,21.653226852416992,21.038705825805664
114000000007,25.377851,31.15526008605957,11.590950191020966,7.664322038181126,92.29625463485718,26.927757263183594,25.91493797302246,23.086763381958008
121000000002,17.921839,27.465986251831055,29.076851904392242,17.922610277310014,82.9621970653534,23.946714401245117,25.937044143676758,23.781892776489258
121000000007,29.289259,38.15750503540039,6.768892053514719,1.5284429537132382,98.01440238952637,25.938459396362305,19.310131072998047,21.35251808166504
122000000001,11.979441,32.59491729736328,12.69466057419777,5.501841078512371,96.02993726730347,23.77091407775879,22.036813735961914,19.517045974731445
122000000006,15.134833,32.64518356323242,10.155665688216686,5.438528605736792,94.18976306915283,29.633272171020508,28.281009674072266,22.464101791381836
123000000001,5.915682,42.49433135986328,14.186190441250801,0.5630751547869295,98.47725629806519,26.40603256225586,20.730188369750977,19.81149673461914
123000000005,6.2838554,30.127910614013672,17.882049083709717,9.709766600281,90.56481122970581,23.043977737426758,25.38507652282715,25.295787811279297
124000000000,8.604062,36.27714538574219,10.983816348016262,2.356598124606535,97.18507528305054,26.313907623291016,28.056684494018555,20.453035354614258
124000000005,0.9028411,32.44512939453125,24.8546339571476,5.694911233149469,89.12307620048523,28.16678810119629,29.687833786010742,19.33956527709961
211000000000,8.758387,40.42243957519531,3.5403415095061064,0.9073095861822367,98.43606948852539,27.898239135742188,33.39510726928711,32.773834228515625
211000000004,3.7788196,nan,nan,nan,nan,29.888212203979492,31.10295295715332,31.10295295715332
211000000009,5.1275897,37.35491180419922,5.268055014312267,1.8386903684586287,98.36634397506714,32.233619689941406,31.75221061706543,29.22926902770996
212000000004,5.2665114,33.443485260009766,8.468684740364552,4.525338299572468,97.744882106781,27.7395076751709,32.66773223876953,24.3204345703125
212000000008,14.136669,nan,nan,nan,nan,18.980731964111328,24.058195114135742,24.058195114135742
213000000003,5.705665,nan,nan,nan,nan,25.329116821289062,29.188133239746094,29.188133239746094
213000000008,2.2635658,31.7933292388916,15.187019482254982,6.6170888021588326,94.16841864585876,24.974472045898438,23.855846405029297,20.756261825561523
214000000002,2.0903296,39.287025451660156,13.42782936990261,1.1784125672420487,98.12831282615662,28.13837242126465,29.078346252441406,25.349807739257812
214000000007,4.010719,nan,nan,nan,nan,23.678991317749023,24.17183494567871,24.17183494567871
221000000002,1.869841,36.754425048828125,9.582184255123138,2.1113369439262897,94.75922584533691,26.683156967163086,30.85759925842285,19.59245491027832
221000000007,16.008514,nan,nan,nan,nan,27.699220657348633,26.145099639892578,26.145099639892578
222000000001,1.5075961,42.024925231933594,4.1784970089793205,0.6273462349781767,99.14282560348511,23.354278564453125,23.08930206298828,22.77251434326172
222000000006,0.9849743,39.620758056640625,7.949426770210266,1.0912489233305678,97.80073165893555,17.99535369873047,18.08717918395996,20.942678451538086
223000000001,12.195639,38.32838821411133,9.20017808675766,1.4694723358843476,99.18524026870728,25.897180557250977,36.303043365478516,32.017154693603516
223000000005,4.787708,nan,nan,nan,nan,21.244783401489258,24.852195739746094,24.852195739746094
224000000000,12.236956,44.32754898071289,4.2742472141981125,0.369185654562898,99.04971122741699,25.185997009277344,23.350553512573242,23.32061767578125
224000000005,4.2890944,39.77885437011719,6.357780657708645,1.0522394586587325,99.16369318962097,27.30318260192871,33.89274978637695,29.654741287231445
311000000000,9.273693,36.86130142211914,3.261827863752842,2.06001044716686,98.76583814620972,28.34686279296875,21.94449806213379,10.918615341186523
311000000004,5.2666416,33.541656494140625,5.768097471445799,4.424195212777704,97.00447916984558,32.335941314697266,32.13018035888672,17.71804428100586
311000000009,2.8179626,41.99294662475586,6.105537060648203,0.6319826206890866,94.83914375305176,25.653827667236328,25.280471801757812,25.12485122680664
312000000004,4.3296285,35.19113540649414,5.423078313469887,3.0261219944804907,97.67467379570007,33.54439163208008,26.97085189819336,18.194442749023438
312000000008,2.4154584,30.426183700561523,10.61111781746149,9.06528439372778,92.90103316307068,25.897621154785156,24.03763771057129,12.677389144897461
313000000003,0.65044165,26.288917541503906,22.9424387216568,23.50217429921031,81.46711587905884,24.440221786499023,23.071117401123047,18.052574157714844
313000000008,2.1684363,33.26347351074219,10.027199983596802,4.716855473816395,95.22106051445007,26.677942276000977,27.21848487854004,12.015381813049316
314000000002,3.2472036,36.761844635009766,8.081138134002686,2.107730833813548,97.88146018981934,25.91021728515625,23.122739791870117,21.619550704956055
314000000007,3.733612,29.88858413696289,20.14736644923687,10.259859263896942,88.36632966995239,22.87525749206543,22.126710891723633,17.145151138305664
321000000002,0.9973462,32.10188674926758,4.222688730806112,6.1632710276171565,98.59673380851746,28.56386375427246,29.03682518005371,23.911399841308594
321000000007,6.5457516,32.03999328613281,17.735272645950317,6.251735030673444,93.14319491386414,30.77129364013672,16.64067268371582,16.37179946899414
322000000001,2.0200992,36.63459777832031,9.294381365180016,2.170400257455185,96.94282412528992,24.407901763916016,23.713024139404297,11.563297271728516
322000000006,17.964748,35.922996520996094,5.678708199411631,2.5568206910975277,97.76641726493835,26.285850524902344,12.547958374023438,13.99400806427002
323000000001,2.917512,33.85292053222656,11.699404567480087,4.118202778045088,94.50410604476929,31.299745559692383,30.937183380126953,8.200732231140137
323000000005,0.48187837,30.356544494628906,11.310301721096039,9.211821598000824,95.05088329315186,25.02486801147461,24.92901611328125,26.458141326904297
324000000000,15.824658,39.41042709350586,5.802848841995001,1.1454000923549756,96.7905044555664,29.483165740966797,24.97308921813965,26.133609771728516
324000000005,1.4533867,29.29840850830078,16.527090221643448,11.75327692180872,92.10593104362488,29.44573974609375,29.545679092407227,18.42117691040039
411000000000,2.4356525,32.99530792236328,4.982754588127136,5.017289076931775,96.87285423278809,30.818017959594727,29.717344284057617,17.69969367980957
411000000004,14.381496,32.01979064941406,10.763800702989101,6.280886591412127,94.83752250671387,32.44638442993164,33.369590759277344,25.256877899169922
412000000003,4.3450704,37.261573791503906,11.398598551750183,1.878635521279648,94.34530138969421,25.79702377319336,27.80126953125,19.775651931762695
413000000003,2.9883914,32.39960861206055,9.930385276675224,5.7549175107851624,92.98218488693237,29.29642105102539,22.9547119140625,17.57383918762207
414000000002,2.2052453,33.60934066772461,4.030130337923765,4.355777346063405,97.84542918205261,27.00579833984375,25.72425079345703,22.079715728759766
421000000002,8.342048,37.337181091308594,8.580626919865608,1.8462132720742375,97.69994616508484,27.968469619750977,26.395828247070312,25.883161544799805
422000000001,3.7722356,36.0521240234375,8.755266666412354,2.4819173268042505,96.53384685516357,25.542842864990234,21.554302215576172,20.56473159790039
423000000001,0.9913045,28.563997268676758,14.108418487012386,13.918752083554864,86.41891479492188,30.232746124267578,28.902828216552734,21.474763870239258
424000000000,31.818901,29.468854904174805,18.57992634177208,11.300939368084073,88.36738467216492,24.0800838470459,22.25389289855957,20.495363235473633
511000000000,8.086414,41.97228240966797,0.9624119265936315,0.6349966861307621,99.87057447433472,25.67310333251953,18.566884994506836,13.99868392944336
511000000004,10.233019,28.773046493530273,15.287772752344608,13.264635344967246,86.28265857696533,26.124969482421875,26.670419692993164,18.030336380004883
512000000003,0.5008285,31.33692169189453,17.61520281434059,7.350342930294573,91.4995551109314,26.121341705322266,25.145780563354492,17.38446044921875
513000000003,0.37326983,34.42351150512695,8.824443444609642,3.6111753433942795,95.0376033782959,29.453468322753906,28.541725158691406,8.260575294494629
514000000002,0.78789604,22.997127532958984,30.00173345208168,50.15185568481684,78.59628200531006,31.74614906311035,31.178817749023438,18.955320358276367
521000000002,1.7843415,33.702484130859375,10.691970586776733,4.2633540579117835,95.22032141685486,26.390853881835938,26.37392807006836,24.178861618041992
522000000001,1.0999143,29.998062133789062,22.523868829011917,10.004456853494048,88.99561762809753,28.718433380126953,29.003738403320312,12.954304695129395
523000000001,13.580025,34.49753952026367,2.7788998559117317,3.5501434467732906,97.61478900909424,29.70280647277832,31.817153930664062,32.35227584838867
524000000000,5.049459,nan,nan,nan,nan,23.603721618652344,24.557016372680664,24.557016372680664
611000000000,34.69115,39.468631744384766,6.654500029981136,1.1301512859063223,98.24270009994507,23.634122848510742,25.683006286621094,17.413902282714844
611000000004,17.353657,38.240440368652344,23.816227912902832,1.499532227171585,88.92487287521362,31.309154510498047,32.02663040161133,25.441242218017578
612000000003,2.0003803,36.94906997680664,7.376787252724171,2.0187970949336886,96.98857069015503,30.59217643737793,27.613323211669922,22.4359073638916
613000000003,0.96398354,34.237098693847656,10.74565015733242,3.769553732126951,94.74581480026245,24.854360580444336,22.908222198486328,24.232769012451172
614000000002,48.3818,41.289363861083984,5.346908234059811,0.7431273115798831,99.17368292808533,20.62757682800293,22.636301040649414,23.145723342895508
621000000002,5.8406467,36.76164245605469,6.25033350661397,2.1078286226838827,97.78425097465515,23.108123779296875,26.299274444580078,24.861541748046875
622000000001,3.9005637,29.48931884765625,25.663617998361588,11.247810907661915,91.6009783744812,23.359045028686523,24.0387020111084,20.56788444519043
623000000001,0.46422118,35.61958312988281,13.216305524110794,2.741836942732334,93.87973546981812,26.06874656677246,25.18891716003418,22.501012802124023
624000000000,3.4651186,35.35105895996094,8.780144155025482,2.9167140019126236,97.81920313835144,23.12819480895996,23.560916900634766,25.07275390625
711000000000,23.733217,35.551334381103516,3.5964581184089184,2.7852621860802174,99.64016675949097,24.531042098999023,28.554502487182617,27.242713928222656
711000000004,21.07181,36.96016311645508,8.642706088721752,2.0136486273258924,98.74440431594849,24.09305191040039,26.337629318237305,26.374048233032227
712000000003,6.12823,36.478607177734375,10.664965957403183,2.2497744066640735,97.30795621871948,27.619487762451172,31.005281448364258,26.29302406311035
713000000003,1.2554973,31.954044342041016,16.6120957583189,6.376691744662821,92.84483790397644,22.816511154174805,26.368480682373047,20.889429092407227
714000000002,1.0925144,31.872116088867188,16.755571588873863,6.49812922347337,93.23806762695312,28.545677185058594,27.822917938232422,23.060726165771484
721000000002,14.057557,31.103261947631836,19.636785611510277,7.7566440450027585,93.62818598747253,28.330469131469727,31.694477081298828,26.282245635986328
722000000001,18.620481,39.69609069824219,3.2233884558081627,1.0724845924414694,99.0836501121521,20.62944793701172,22.394643783569336,21.39693832397461
723000000001,8.401679,31.965959548950195,13.188699260354042,6.359220133163035,94.03817057609558,24.87190055847168,26.08884620666504,17.080446243286133
724000000000,1.6315471,44.13704299926758,5.021645687520504,0.38574071368202567,99.41324591636658,24.01203155517578,22.907337188720703,21.586313247680664
811000000000,0.36799365,35.87837600708008,4.450245760381222,2.5832236860878766,97.6186752319336,22.558290481567383,23.92052459716797,19.474998474121094
811000000004,32.04369,32.80842971801758,6.587767973542213,5.237895529717207,96.50797247886658,30.465423583984375,28.578304290771484,30.4981746673584
811000000009,0.15064563,30.411937713623047,7.2096241638064384,9.09506983589381,96.67414426803589,26.628376007080078,26.962249755859375,19.240358352661133
812000000004,15.861146,33.52345275878906,10.332116857171059,4.442778881639242,95.62403559684753,23.246715545654297,23.123567581176758,20.716400146484375
812000000008,24.452091,35.14262390136719,5.614870693534613,3.060112940147519,97.65991568565369,21.43265151977539,23.719913482666016,19.531505584716797
813000000003,14.860301,36.7138557434082,6.212523207068443,2.131150831701234,94.89023089408875,23.20154571533203,23.969280242919922,23.69532585144043
813000000008,3.633406,37.98689651489258,2.871427685022354,1.5896826516836882,96.73469066619873,27.096891403198242,25.797513961791992,16.554004669189453
814000000002,2.5845091,45.532161712646484,2.152188215404749,0.27975873308605514,99.58842992782593,26.461748123168945,25.23159408569336,24.045244216918945
814000000007,0.4704089,35.41310501098633,6.343642715364695,2.87534057861194,96.26542925834656,25.414852142333984,20.69645881652832,21.595272064208984
821000000002,7.86248,nan,nan,nan,nan,24.20464515686035,30.059289932250977,30.059289932250977
821000000007,2.3308847,32.33802795410156,10.30883938074112,5.837099743075669,95.77679634094238,25.934499740600586,25.79104995727539,21.92051124572754
822000000001,3.2913353,31.649381637573242,12.005842290818691,6.840087007731199,93.86529326438904,28.7869930267334,29.2884521484375,26.908164978027344
822000000006,12.505751,35.499202728271484,6.294945254921913,2.818898356053978,96.79419994354248,20.71031379699707,25.055789947509766,31.600444793701172
823000000001,18.661022,28.603086471557617,10.018314234912395,13.794031692668796,89.40863609313965,25.536043167114258,28.189268112182617,26.105154037475586
823000000005,2.5115857,26.369600296020508,13.660929165780544,23.069593589752913,91.74832105636597,24.226858139038086,20.915040969848633,18.670166015625
824000000000,6.082869,38.68395233154297,7.275606971234083,1.3539561768993735,97.93345332145691,20.871505737304688,24.699195861816406,19.76875114440918
824000000005,4.766754,35.25132751464844,3.792497329413891,2.984469465445727,98.19930791854858,28.45729637145996,30.046838760375977,21.08885955810547
911000000000,3.6864493,nan,nan,nan,nan,27.278310775756836,28.84009552001953,28.84009552001953
911000000004,5.6094193,nan,nan,nan,nan,25.435728073120117,30.900972366333008,30.900972366333008
911000000009,3.9164376,nan,nan,nan,nan,24.25992202758789,27.301198959350586,27.301198959350586
912000000004,8.533824,nan,nan,nan,nan,27.654569625854492,22.978553771972656,22.978553771972656
912000000008,28.123404,nan,nan,nan,nan,24.912675857543945,31.979093551635742,31.979093551635742
913000000003,15.4655,nan,nan,nan,nan,19.77992820739746,30.629985809326172,30.629985809326172
913000000008,8.054718,nan,nan,nan,nan,27.44658660888672,31.957277297973633,31.957277297973633
914000000002,7.687369,nan,nan,nan,nan,24.19037437438965,25.504362106323242,25.504362106323242
914000000007,7.9863973,nan,nan,nan,nan,24.09084701538086,26.180076599121094,26.180076599121094
921000000002,18.873627,nan,nan,nan,nan,33.42213439941406,28.399505615234375,28.399505615234375
921000000007,54.385834,nan,nan,nan,nan,28.384096145629883,33.8577880859375,33.8577880859375
922000000001,34.479996,nan,nan,nan,nan,25.032155990600586,25.447294235229492,25.447294235229492
922000000006,6.6490655,nan,nan,nan,nan,22.14920997619629,23.09228515625,23.09228515625
923000000001,10.262977,nan,nan,nan,nan,20.079004287719727,29.088857650756836,29.088857650756836
923000000005,15.614492,nan,nan,nan,nan,26.262062072753906,31.271148681640625,31.271148681640625
924000000000,22.692375,nan,nan,nan,nan,24.67119598388672,31.225358963012695,31.225358963012695
924000000005,6.986301,nan,nan,nan,nan,26.007301330566406,27.364938735961914,27.364938735961914
