file_id,flowalign1024ds_minmax_nomask|structure_distance,flowalign1024ds_minmax_nomask|psnr_unedit_part,flowalign1024ds_minmax_nomask|lpips_unedit_part,flowalign1024ds_minmax_nomask|mse_unedit_part,flowalign1024ds_minmax_nomask|ssim_unedit_part,flowalign1024ds_minmax_nomask|clip_similarity_source_image,flowalign1024ds_minmax_nomask|clip_similarity_target_image,flowalign1024ds_minmax_nomask|clip_similarity_target_image_edit_part
000000000000,4.189287,38.86369323730469,4.5662522315979,1.2990646064281464,99.2050051689148,24.254085540771484,28.339082717895508,27.51085662841797
000000000004,16.38156,31.839946746826172,26.235437020659447,6.546438671648502,97.26685285568237,27.585750579833984,31.75620460510254,32.515289306640625
111000000000,16.484041,25.73982810974121,20.97003534436226,26.669634971767664,88.3097767829895,23.034358978271484,18.686420440673828,18.692678451538086
111000000004,3.070064,27.967084884643555,18.41920241713524,15.969499945640564,94.87709999084473,32.126346588134766,30.04543685913086,13.15208625793457
211000000000,9.33859,33.14254379272461,12.117224745452404,4.850040713790804,98.29678535461426,27.898239135742188,31.22044563293457,31.424442291259766
211000000004,2.6339998,nan,nan,nan,nan,29.888212203979492,32.25104904174805,32.25104904174805
311000000000,3.0993958,29.7919979095459,14.41850233823061,10.490593267604709,98.89672994613647,28.34686279296875,22.69139289855957,9.687091827392578
311000000004,3.3073618,28.792213439941406,25.23825690150261,13.206219300627708,97.82545566558838,32.335941314697266,32.421051025390625,19.750791549682617
411000000000,0.2853916,27.460573196411133,20.174851641058922,17.944960854947567,97.88586497306824,30.818017959594727,30.631484985351562,17.83515167236328
411000000004,19.097004,27.480741500854492,28.63745391368866,17.861821688711643,94.40698623657227,32.44638442993164,32.85947799682617,20.225610733032227
511000000000,4.3807034,31.102949142456055,67.02964007854462,7.757200510241091,99.12957549095154,25.67310333251953,25.8610897064209,19.860136032104492
511000000004,14.539668,25.59333610534668,46.53447866439819,27.58458023890853,72.65059351921082,26.124969482421875,25.846702575683594,14.958747863769531
611000000000,41.240288,36.426273345947266,12.387670576572418,2.277050371048972,98.46773147583008,23.634122848510742,26.677825927734375,18.405187606811523
611000000004,35.98751,33.341468811035156,86.84581518173218,4.632902273442596,43.781763315200806,31.309154510498047,31.23912239074707,23.683786392211914
711000000000,15.323643,31.14231300354004,5.017635878175497,7.687208126299083,99.73032474517822,24.531042098999023,28.922292709350586,24.651220321655273
711000000004,26.477234,29.960527420043945,35.59581935405731,10.091299191117287,96.97039127349854,24.09305191040039,24.010122299194336,23.804311752319336
811000000000,2.9016104,25.661373138427734,48.67268353700638,27.15580863878131,95.72243094444275,22.558290481567383,25.391626358032227,11.83292007446289
811000000004,41.845055,28.3272647857666,20.154815167188644,14.698515878990293,95.1265811920166,30.465423583984375,27.31279754638672,28.677644729614258
911000000000,1.4026991,nan,nan,nan,nan,27.278310775756836,28.392345428466797,28.392345428466797
911000000004,3.5176227,nan,nan,nan,nan,25.435728073120117,29.674266815185547,29.674266815185547
