file_id,flowedit_pixpaste|structure_distance,flowedit_pixpaste|psnr_unedit_part,flowedit_pixpaste|lpips_unedit_part,flowedit_pixpaste|mse_unedit_part,flowedit_pixpaste|ssim_unedit_part,flowedit_pixpaste|clip_similarity_source_image,flowedit_pixpaste|clip_similarity_target_image,flowedit_pixpaste|clip_similarity_target_image_edit_part
000000000000,17.702814,inf,0.0,0.0,100.0,24.254085540771484,25.82476043701172,26.19746971130371
000000000004,26.527061,inf,0.0,0.0,100.0,27.585750579833984,33.17766189575195,34.67774963378906
000000000009,40.668262,inf,0.0,0.0,99.99228715896606,26.778465270996094,25.83417320251465,26.875370025634766
000000000014,14.158744,inf,0.0,0.0,99.99999403953552,19.275184631347656,22.44209098815918,24.011585235595703
000000000018,7.979905,inf,0.0,0.0,99.99994039535522,26.482135772705078,27.64442253112793,24.527957916259766
000000000023,9.730092,inf,0.0,0.0,99.99994039535522,25.0826473236084,26.00919532775879,25.284204483032227
000000000028,10.39543,nan,nan,nan,nan,25.335756301879883,27.125146865844727,27.125146865844727
000000000032,4.1999326,inf,0.0,0.0,100.0,21.087308883666992,18.198184967041016,17.99907684326172
000000000037,0.40698734,inf,0.0,0.0,99.99980926513672,23.927160263061523,23.01303482055664,18.782249450683594
000000000042,8.381873,inf,0.0,0.0,100.0,24.56931495666504,19.96225357055664,22.12520980834961
000000000046,15.914975,nan,nan,nan,nan,25.125455856323242,24.866214752197266,24.866214752197266
000000000051,16.285698,inf,0.0,0.0,100.0,28.493249893188477,29.50811767578125,27.615562438964844
000000000056,16.743717,inf,0.0,0.0,100.0,29.572147369384766,28.760486602783203,21.670000076293945
000000000060,11.482194,inf,0.0,0.0,100.0,26.358322143554688,24.796537399291992,24.8743953704834
000000000065,3.2758155,inf,0.0,0.0,100.0,23.795291900634766,23.59520721435547,18.211572647094727
000000000070,4.386035,nan,nan,nan,nan,27.19322395324707,25.513687133789062,25.513687133789062
000000000074,5.031049,inf,0.0,0.0,100.0,22.422426223754883,24.44533348083496,24.35205078125
000000000079,10.605491,nan,nan,nan,nan,25.22629165649414,26.176504135131836,26.176504135131836
000000000084,19.993666,inf,0.0,0.0,100.0,28.826274871826172,27.596792221069336,28.31331443786621
000000000088,1.7022226,inf,0.0,0.0,100.0,26.808324813842773,28.168624877929688,18.110551834106445
000000000093,42.70744,inf,0.0,0.0,99.9982237815857,23.494312286376953,25.95844268798828,23.48164939880371
000000000098,8.390587,inf,0.0,0.0,100.0,27.847599029541016,22.037389755249023,21.809282302856445
000000000102,8.712626,inf,0.0,0.0,100.0,30.448509216308594,23.339675903320312,25.846263885498047
000000000107,2.2212229,inf,0.0,0.0,99.99811053276062,23.623403549194336,22.717649459838867,22.43263053894043
000000000112,9.266076,inf,0.0,0.0,100.0,28.90278434753418,27.448898315429688,28.590280532836914
000000000116,5.4454794,inf,0.0,0.0,99.97793436050415,27.407424926757812,21.607967376708984,14.30711555480957
000000000121,20.611761,nan,nan,nan,nan,31.36351776123047,30.24173927307129,30.24173927307129
000000000126,39.881416,nan,nan,nan,nan,22.226985931396484,27.946304321289062,27.946304321289062
000000000130,8.938536,inf,0.0,0.0,99.9998688697815,29.824501037597656,31.85835838317871,29.829593658447266
000000000135,11.465856,inf,0.0,0.0,100.0,27.799617767333984,26.737722396850586,25.402179718017578
111000000000,46.898163,inf,0.0,0.0,99.99998807907104,23.034358978271484,23.635404586791992,23.987518310546875
111000000004,2.4050574,inf,0.0,0.0,99.99549388885498,32.126346588134766,29.783863067626953,13.188879013061523
111000000009,32.492165,inf,0.0,0.0,99.99713897705078,24.936857223510742,25.38529396057129,21.619632720947266
112000000004,12.151168,inf,0.0,0.0,100.0,25.950183868408203,22.414297103881836,17.157381057739258
112000000008,7.7430887,inf,0.0,0.0,99.99998807907104,30.590932846069336,23.70586395263672,29.193300247192383
113000000003,11.75351,inf,0.0,0.0,100.0,26.26559829711914,26.607275009155273,30.54932403564453
113000000008,14.254631,inf,0.0,0.0,100.0,26.083946228027344,25.88341522216797,25.068675994873047
114000000002,1.0909435,inf,0.0,0.0,99.99998807907104,26.985586166381836,22.528223037719727,21.90741539001465
114000000007,14.089304,inf,0.0,0.0,100.0,26.927757263183594,25.71602439880371,21.35489845275879
121000000002,21.075148,inf,0.0,0.0,100.0,23.946714401245117,26.154088973999023,23.583650588989258
121000000007,39.144512,inf,0.0,0.0,100.0,25.938459396362305,25.50452995300293,24.440488815307617
122000000001,12.542232,inf,0.0,0.0,100.0,23.77091407775879,22.374130249023438,21.282020568847656
122000000006,13.65787,inf,0.0,0.0,100.0,29.633272171020508,30.090818405151367,23.22756576538086
123000000001,3.8705883,inf,0.0,0.0,100.0,26.40603256225586,20.855257034301758,23.448589324951172
123000000005,6.0964913,inf,0.0,0.0,100.0,23.043977737426758,24.245325088500977,25.46505355834961
124000000000,6.555469,inf,0.0,0.0,99.99992847442627,26.313907623291016,23.95610809326172,21.775976181030273
124000000005,0.33015394,inf,0.0,0.0,100.0,28.16678810119629,20.621849060058594,19.698183059692383
211000000000,34.49476,inf,0.0,0.0,99.99999403953552,27.898239135742188,31.74794578552246,30.792247772216797
211000000004,29.890419,nan,nan,nan,nan,29.888212203979492,36.826751708984375,36.826751708984375
211000000009,20.680067,inf,0.0,0.0,100.0,32.233619689941406,31.3715877532959,30.929052352905273
212000000004,2.902847,inf,0.0,0.0,99.96371269226074,27.7395076751709,28.061702728271484,18.04969596862793
212000000008,20.359901,nan,nan,nan,nan,18.980731964111328,26.037147521972656,26.037147521972656
213000000003,33.79611,nan,nan,nan,nan,25.329116821289062,30.500925064086914,30.500925064086914
213000000008,6.82902,inf,0.0,0.0,100.0,24.974472045898438,23.08578109741211,19.451805114746094
214000000002,7.890122,inf,0.0,0.0,99.99895095825195,28.13837242126465,29.23037338256836,28.453237533569336
214000000007,32.444332,nan,nan,nan,nan,23.678991317749023,27.807950973510742,27.807950973510742
221000000002,4.6729045,inf,0.0,0.0,99.99984502792358,26.683156967163086,30.692819595336914,24.8221435546875
221000000007,20.953823,nan,nan,nan,nan,27.699220657348633,27.512216567993164,27.512216567993164
222000000001,12.737842,inf,0.0,0.0,99.99939203262329,23.354278564453125,24.325571060180664,26.180204391479492
222000000006,2.2420578,inf,0.0,0.0,100.0,17.99535369873047,21.414228439331055,24.48714256286621
223000000001,3.9882715,inf,0.0,0.0,99.99217987060547,25.897180557250977,28.114192962646484,31.739336013793945
223000000005,14.342861,nan,nan,nan,nan,21.244783401489258,24.565038681030273,24.565038681030273
224000000000,10.559559,inf,0.0,0.0,99.99804496765137,25.185997009277344,25.779884338378906,26.50160789489746
224000000005,6.46568,inf,0.0,0.0,99.9997615814209,27.30318260192871,36.40446090698242,37.2999153137207
311000000000,5.2455873,inf,0.0,0.0,99.99954104423523,28.34686279296875,22.28105354309082,14.186659812927246
311000000004,2.2265499,inf,0.0,0.0,99.96495246887207,32.335941314697266,31.954666137695312,19.240793228149414
311000000009,13.440776,inf,0.0,0.0,100.0,25.653827667236328,25.150850296020508,25.0883731842041
312000000004,3.9800959,inf,0.0,0.0,99.95965361595154,33.54439163208008,26.087820053100586,20.333559036254883
312000000008,0.3153974,inf,0.0,0.0,99.99867677688599,25.897621154785156,21.32962417602539,12.664506912231445
313000000003,0.83317274,inf,0.0,0.0,100.0,24.440221786499023,24.110305786132812,20.614765167236328
313000000008,2.1047697,inf,0.0,0.0,100.0,26.677942276000977,26.37751007080078,11.887364387512207
314000000002,14.112538,inf,0.0,0.0,99.99998807907104,25.91021728515625,25.5674991607666,23.650829315185547
314000000007,4.395252,inf,0.0,0.0,99.99998807907104,22.87525749206543,21.668947219848633,17.744403839111328
321000000002,6.403132,inf,0.0,0.0,100.0,28.56386375427246,28.21616554260254,27.203243255615234
321000000007,9.597247,inf,0.0,0.0,100.0,30.77129364013672,18.782339096069336,17.487213134765625
322000000001,0.20395878,inf,0.0,0.0,100.0,24.407901763916016,22.63815689086914,8.423070907592773
322000000006,1.3214717,inf,0.0,0.0,99.99910593032837,26.285850524902344,15.241514205932617,12.36067008972168
323000000001,3.220902,inf,0.0,0.0,100.0,31.299745559692383,29.768451690673828,13.420075416564941
323000000005,6.0545034,inf,0.0,0.0,100.0,25.02486801147461,29.51190185546875,29.347116470336914
324000000000,5.962193,inf,0.0,0.0,100.0,29.483165740966797,18.30912208557129,17.872684478759766
324000000005,0.7703193,inf,0.0,0.0,100.0,29.44573974609375,29.2632999420166,18.371854782104492
411000000000,1.3920578,inf,0.0,0.0,99.96163249015808,30.818017959594727,30.10922622680664,24.034772872924805
411000000004,21.33229,inf,0.0,0.0,100.0,32.44638442993164,29.235210418701172,21.3783016204834
412000000003,0.8668144,inf,0.0,0.0,99.99998807907104,25.79702377319336,28.190099716186523,20.93900489807129
413000000003,11.169114,inf,0.0,0.0,100.0,29.29642105102539,22.015541076660156,20.390762329101562
414000000002,11.058276,inf,0.0,0.0,100.0,27.00579833984375,25.708925247192383,24.856870651245117
421000000002,23.031004,inf,0.0,0.0,99.9998927116394,27.968469619750977,25.265949249267578,24.37523078918457
422000000001,2.8333285,inf,0.0,0.0,99.99998807907104,25.542842864990234,22.686471939086914,23.063508987426758
423000000001,4.5743566,inf,0.0,0.0,100.0,30.232746124267578,26.924407958984375,21.640005111694336
424000000000,54.978325,inf,0.0,0.0,100.0,24.0800838470459,22.642929077148438,22.820758819580078
511000000000,3.1443348,inf,0.0,0.0,99.94782209396362,25.67310333251953,28.179046630859375,24.8880558013916
511000000004,11.961765,inf,0.0,0.0,99.9994695186615,26.124969482421875,26.544464111328125,20.36830711364746
512000000003,0.7146482,inf,0.0,0.0,99.99868273735046,26.121341705322266,24.710426330566406,17.655345916748047
513000000003,1.8477157,inf,0.0,0.0,100.0,29.453468322753906,28.989377975463867,13.99422550201416
514000000002,5.8371816,inf,0.0,0.0,100.0,31.74614906311035,30.942893981933594,21.11444854736328
521000000002,13.034077,inf,0.0,0.0,100.0,26.390853881835938,28.536447525024414,25.500171661376953
522000000001,2.454508,inf,0.0,0.0,100.0,28.718433380126953,25.845977783203125,12.803483009338379
523000000001,16.340784,inf,0.0,0.0,100.0,29.70280647277832,29.96891975402832,29.142221450805664
524000000000,13.159718,nan,nan,nan,nan,23.603721618652344,22.859073638916016,22.859073638916016
611000000000,25.282282,inf,0.0,0.0,99.99998807907104,23.634122848510742,21.73562240600586,14.362475395202637
611000000004,25.236008,inf,0.0,0.0,100.0,31.309154510498047,31.172889709472656,26.22439956665039
612000000003,4.1775885,inf,0.0,0.0,100.0,30.59217643737793,27.71660041809082,21.41217041015625
613000000003,3.3379261,inf,0.0,0.0,100.0,24.854360580444336,22.398113250732422,22.54875373840332
614000000002,26.366552,inf,0.0,0.0,99.99992251396179,20.62757682800293,24.9443359375,24.34759521484375
621000000002,6.0665946,inf,0.0,0.0,99.99434351921082,23.108123779296875,25.328218460083008,25.7688045501709
622000000001,4.137333,inf,0.0,0.0,100.0,23.359045028686523,20.81199073791504,17.46828269958496
623000000001,3.2197747,inf,0.0,0.0,99.99999403953552,26.06874656677246,27.89369773864746,26.23867416381836
624000000000,16.555128,inf,0.0,0.0,100.0,23.12819480895996,23.670520782470703,25.896495819091797
711000000000,34.699066,inf,0.0,0.0,99.99974966049194,24.531042098999023,30.198917388916016,27.71950912475586
711000000004,36.12854,inf,0.0,0.0,99.99992251396179,24.09305191040039,25.643936157226562,24.94269371032715
712000000003,10.623881,inf,0.0,0.0,99.99997019767761,27.619487762451172,35.37629699707031,30.769582748413086
713000000003,13.739303,inf,0.0,0.0,99.99977350234985,22.816511154174805,26.777870178222656,22.199466705322266
714000000002,1.5818809,inf,0.0,0.0,99.99994039535522,28.545677185058594,27.7251033782959,23.270030975341797
721000000002,11.255317,inf,0.0,0.0,99.99998807907104,28.330469131469727,28.017593383789062,26.5290470123291
722000000001,13.023657,inf,0.0,0.0,99.99957084655762,20.62944793701172,23.022939682006836,20.643178939819336
723000000001,12.768107,inf,0.0,0.0,100.0,24.87190055847168,27.46756935119629,17.95651626586914
724000000000,13.108136,inf,0.0,0.0,99.99994039535522,24.01203155517578,23.885604858398438,24.86781883239746
811000000000,2.1326225,inf,0.0,0.0,99.99302625656128,22.558290481567383,19.699913024902344,11.216778755187988
811000000004,10.446425,inf,0.0,0.0,100.0,30.465423583984375,28.80660057067871,30.123584747314453
811000000009,3.604348,inf,0.0,0.0,99.99622106552124,26.628376007080078,26.20484161376953,17.95854949951172
812000000004,9.751971,inf,0.0,0.0,99.99998807907104,23.246715545654297,22.40659523010254,22.38702392578125
812000000008,13.802138,inf,0.0,0.0,100.0,21.43265151977539,28.417163848876953,26.546405792236328
813000000003,31.328089,inf,0.0,0.0,100.0,23.20154571533203,26.60236930847168,27.85251235961914
813000000008,3.6030154,inf,0.0,0.0,100.0,27.096891403198242,23.925155639648438,20.86039161682129
814000000002,1.4708143,inf,0.0,0.0,99.99995231628418,26.461748123168945,25.68625831604004,24.429141998291016
814000000007,0.88344383,inf,0.0,0.0,99.99997019767761,25.414852142333984,23.09048080444336,22.757482528686523
821000000002,22.718203,nan,nan,nan,nan,24.20464515686035,28.253768920898438,28.253768920898438
821000000007,8.0649805,inf,0.0,0.0,99.99961853027344,25.934499740600586,26.847515106201172,23.249486923217773
822000000001,9.4100275,inf,0.0,0.0,100.0,28.7869930267334,29.13019371032715,22.402475357055664
822000000006,18.339008,inf,0.0,0.0,100.0,20.71031379699707,26.018091201782227,34.18650817871094
823000000001,9.076385,inf,0.0,0.0,100.0,25.536043167114258,24.03766441345215,24.207149505615234
823000000005,7.902272,inf,0.0,0.0,99.99998807907104,24.226858139038086,21.688274383544922,25.195016860961914
824000000000,4.8870463,inf,0.0,0.0,99.99963641166687,20.871505737304688,23.49000358581543,21.975597381591797
824000000005,12.454754,inf,0.0,0.0,100.0,28.45729637145996,27.638742446899414,22.171194076538086
911000000000,23.109907,nan,nan,nan,nan,27.278310775756836,31.10755157470703,31.10755157470703
911000000004,39.99375,nan,nan,nan,nan,25.435728073120117,29.53650665283203,29.53650665283203
911000000009,30.624659,nan,nan,nan,nan,24.25992202758789,29.472270965576172,29.472270965576172
912000000004,14.932865,nan,nan,nan,nan,27.654569625854492,33.51675033569336,33.51675033569336
912000000008,40.273937,nan,nan,nan,nan,24.912675857543945,32.62025833129883,32.62025833129883
913000000003,40.189213,nan,nan,nan,nan,19.77992820739746,32.823909759521484,32.823909759521484
913000000008,37.055447,nan,nan,nan,nan,27.44658660888672,33.170692443847656,33.170692443847656
914000000002,28.854929,nan,nan,nan,nan,24.19037437438965,23.38231086730957,23.38231086730957
914000000007,24.562992,nan,nan,nan,nan,24.09084701538086,27.101123809814453,27.101123809814453
921000000002,53.31469,nan,nan,nan,nan,33.42213439941406,32.38312530517578,32.38312530517578
921000000007,40.8812,nan,nan,nan,nan,28.384096145629883,30.596736907958984,30.596736907958984
922000000001,35.446476,nan,nan,nan,nan,25.032155990600586,32.553977966308594,32.553977966308594
922000000006,21.949284,nan,nan,nan,nan,22.14920997619629,26.510757446289062,26.510757446289062
923000000001,12.542585,nan,nan,nan,nan,20.079004287719727,20.62950325012207,20.62950325012207
923000000005,25.559437,nan,nan,nan,nan,26.262062072753906,27.033647537231445,27.033647537231445
924000000000,24.905245,nan,nan,nan,nan,24.67119598388672,30.367862701416016,30.367862701416016
924000000005,10.085905,nan,nan,nan,nan,26.007301330566406,26.918169021606445,26.918169021606445
