file_id,flowalign_minmax151_nomask|structure_distance,flowalign_minmax151_nomask|psnr_unedit_part,flowalign_minmax151_nomask|lpips_unedit_part,flowalign_minmax151_nomask|mse_unedit_part,flowalign_minmax151_nomask|ssim_unedit_part,flowalign_minmax151_nomask|clip_similarity_source_image,flowalign_minmax151_nomask|clip_similarity_target_image,flowalign_minmax151_nomask|clip_similarity_target_image_edit_part
000000000000,11.929775,32.07997512817383,12.029269710183144,6.194445886649191,94.57106590270996,24.254085540771484,24.803730010986328,25.257509231567383
000000000004,26.589542,28.953536987304688,34.082964062690735,12.724659172818065,95.46129107475281,27.585750579833984,31.712562561035156,31.602710723876953
000000000009,19.45131,23.41953468322754,14.986403286457062,45.503671281039715,98.92019629478455,26.778465270996094,24.783021926879883,24.914506912231445
000000000014,24.993793,27.19239616394043,44.581107795238495,19.087991677224636,93.43276023864746,19.275184631347656,21.35236930847168,20.63433265686035
000000000018,20.40744,25.885644912719727,41.683368384838104,25.78905550763011,92.47345924377441,26.482135772705078,30.049074172973633,17.037580490112305
000000000023,13.048234,25.718767166137695,32.383136451244354,26.79929370060563,80.72004318237305,25.0826473236084,27.352825164794922,26.28595542907715
000000000028,4.6047544,nan,nan,nan,nan,25.335756301879883,27.26002311706543,27.26002311706543
000000000032,7.6742578,27.552427291870117,20.60135267674923,17.56940968334675,92.74435043334961,21.087308883666992,20.626440048217773,19.130090713500977
000000000037,9.531182,22.652469635009766,72.2719058394432,54.294136352837086,79.44496870040894,23.927160263061523,23.527313232421875,20.470821380615234
000000000042,9.851814,20.66362190246582,113.18108439445496,85.82972921431065,88.53263854980469,24.56931495666504,30.828689575195312,22.989290237426758
000000000046,6.976237,nan,nan,nan,nan,25.125455856323242,26.480411529541016,26.480411529541016
000000000051,154.97345,23.0773868560791,86.64796501398087,49.2335669696331,78.13846468925476,28.493249893188477,31.57907485961914,24.465238571166992
000000000056,476.51495,18.604568481445312,110.5874553322792,137.8933060914278,55.2628219127655,29.572147369384766,29.440641403198242,21.28542709350586
000000000060,8.174224,26.971473693847656,16.641665250062943,20.084104035049677,94.19419765472412,26.358322143554688,26.230749130249023,25.205394744873047
000000000065,12.546287,23.208993911743164,70.7114189863205,47.76397254317999,91.34542346000671,23.795291900634766,22.927587509155273,16.83323860168457
000000000070,0.4125603,nan,nan,nan,nan,27.19322395324707,27.82834243774414,27.82834243774414
000000000074,7.3550606,29.295629501342773,15.009981580078602,11.760803172364831,94.30629014968872,22.422426223754883,24.461898803710938,23.77845001220703
000000000079,15.75415,nan,nan,nan,nan,25.22629165649414,22.715999603271484,22.715999603271484
000000000084,5.232121,25.739351272583008,30.011899769306183,26.672568637877703,97.01504707336426,28.826274871826172,31.781356811523438,27.055517196655273
000000000088,16.478033,22.149269104003906,58.09576064348221,60.963924042880535,65.64526557922363,26.808324813842773,28.11220932006836,11.455377578735352
000000000093,73.18346,23.742074966430664,79.16446030139923,42.24665928632021,95.18503546714783,23.494312286376953,23.951934814453125,19.931346893310547
000000000098,118.74398,28.519969940185547,26.260856539011,14.060571556910872,91.09240770339966,27.847599029541016,23.38746452331543,24.957717895507812
000000000102,8.883816,31.223398208618164,9.935915470123291,7.545013795606792,96.6252088546753,30.448509216308594,26.627599716186523,26.339635848999023
000000000107,4.9693866,23.039112091064453,43.19578781723976,49.669379368424416,88.18607330322266,23.623403549194336,22.805543899536133,22.430273056030273
000000000112,22.733328,19.402803421020508,176.24321579933167,114.74121361970901,73.37908744812012,28.90278434753418,28.320724487304688,13.599711418151855
000000000116,9.426646,20.597431182861328,67.26768612861633,87.14787662029266,89.57599997520447,27.407424926757812,23.53890609741211,19.027942657470703
000000000121,4.837279,nan,nan,nan,nan,31.36351776123047,29.637229919433594,29.637229919433594
000000000126,28.432005,nan,nan,nan,nan,22.226985931396484,30.19675636291504,30.19675636291504
000000000130,25.190659,21.635663986206055,58.99758264422417,68.61730013042688,88.25185298919678,29.824501037597656,31.94202423095703,21.64469337463379
000000000135,14.417749,26.786706924438477,50.74085667729378,20.957000087946653,92.66524314880371,27.799617767333984,24.889625549316406,20.121097564697266
111000000000,50.047764,20.665796279907227,58.77538397908211,85.7867393642664,80.94887137413025,23.034358978271484,21.104690551757812,21.085071563720703
111000000004,5.690554,23.569929122924805,24.86533671617508,43.95485855638981,87.31129169464111,32.126346588134766,28.922962188720703,10.328179359436035
111000000009,39.770008,16.612924575805664,118.30459535121918,218.12602877616882,84.32237505912781,24.936857223510742,25.27788543701172,22.929733276367188
112000000004,52.078354,22.79876708984375,79.39215004444122,52.49562207609415,86.79516315460205,25.950183868408203,26.249631881713867,18.189044952392578
112000000008,12.551645,25.11026382446289,47.992561012506485,30.8299926109612,92.74779558181763,30.590932846069336,29.09543228149414,27.819076538085938
113000000003,42.40097,21.67904281616211,93.33609789609909,67.93532986193895,88.07212710380554,26.26559829711914,28.509197235107422,28.097572326660156
113000000008,24.764868,23.956466674804688,58.34667384624481,40.21178465336561,86.81384325027466,26.083946228027344,26.27164077758789,27.348941802978516
114000000002,7.8615584,26.819049835205078,31.188609078526497,20.801506470888853,93.18556785583496,26.985586166381836,22.302011489868164,20.803903579711914
114000000007,21.025002,24.331199645996094,85.00627428293228,36.88756376504898,87.93460130691528,26.927757263183594,26.583284378051758,22.574810028076172
121000000002,34.308037,20.890836715698242,114.5230382680893,81.45471103489399,68.83530616760254,23.946714401245117,26.98855972290039,24.036588668823242
121000000007,45.15547,21.57635498046875,74.05270636081696,69.56076715141535,90.8413290977478,25.938459396362305,23.95406723022461,20.14944839477539
122000000001,20.31679,24.163484573364258,60.559190809726715,38.33995433524251,88.74130249023438,23.77091407775879,19.668659210205078,19.965457916259766
122000000006,19.062355,26.260040283203125,49.01919886469841,23.65897409617901,90.99735617637634,29.633272171020508,27.227062225341797,24.918758392333984
123000000001,16.388899,27.369625091552734,104.65541481971741,18.324725097045302,92.34493970870972,26.40603256225586,28.272432327270508,20.46709442138672
123000000005,51.466724,22.392013549804688,55.82737177610397,57.6498918235302,80.51986694335938,23.043977737426758,25.25450325012207,24.456905364990234
124000000000,51.190296,23.624595642089844,64.31346386671066,43.405056931078434,87.773597240448,26.313907623291016,25.116193771362305,19.922941207885742
124000000005,20.20019,20.645490646362305,149.62171018123627,86.18882857263088,75.44243335723877,28.16678810119629,27.857315063476562,19.601078033447266
211000000000,28.496635,27.754390716552734,23.520834743976593,16.771069495007396,94.87492442131042,27.898239135742188,33.123531341552734,32.363094329833984
211000000004,4.5078964,nan,nan,nan,nan,29.888212203979492,31.48769760131836,31.48769760131836
211000000009,88.79299,23.74598503112793,47.77471348643303,42.20863338559866,85.464346408844,32.233619689941406,29.791706085205078,29.06220245361328
212000000004,12.265395,20.63917350769043,59.01650711894035,86.3142590969801,91.54870510101318,27.7395076751709,29.786697387695312,22.162635803222656
212000000008,22.455896,nan,nan,nan,nan,18.980731964111328,24.10028648376465,24.10028648376465
213000000003,6.105576,nan,nan,nan,nan,25.329116821289062,29.125911712646484,29.125911712646484
213000000008,42.342583,20.313982009887695,86.45505458116531,93.02541613578796,79.01748418807983,24.974472045898438,29.511022567749023,13.848252296447754
214000000002,19.793486,27.891387939453125,24.229781702160835,16.250284388661385,94.99281644821167,28.13837242126465,28.148120880126953,26.978784561157227
214000000007,6.4750156,nan,nan,nan,nan,23.678991317749023,24.537485122680664,24.537485122680664
221000000002,4.494312,25.39032745361328,62.64687329530716,28.904613573104143,91.5398359298706,26.683156967163086,30.46940803527832,21.92665672302246
221000000007,15.949743,nan,nan,nan,nan,27.699220657348633,26.24329376220703,26.24329376220703
222000000001,10.582977,29.507587432861328,29.65741977095604,11.200596345588565,97.26366400718689,23.354278564453125,21.79581069946289,19.910503387451172
222000000006,12.1851015,27.222993850708008,63.958413898944855,18.953984836116433,91.75057411193848,17.99535369873047,15.149557113647461,20.196537017822266
223000000001,7.4880366,17.63395118713379,100.42931884527206,172.42683097720146,94.19406652450562,25.897180557250977,34.62712860107422,25.449539184570312
223000000005,6.1747746,nan,nan,nan,nan,21.244783401489258,25.402816772460938,25.402816772460938
224000000000,40.133156,24.314987182617188,55.22884801030159,37.02552290633321,95.22225856781006,25.185997009277344,23.07172203063965,23.195301055908203
224000000005,5.7504525,29.543869018554688,18.289845436811447,11.10741519369185,98.16686511039734,27.30318260192871,36.0947265625,30.125553131103516
311000000000,10.130584,23.470806121826172,33.79535302519798,44.969627633690834,96.83699607849121,28.34686279296875,21.394495010375977,10.820809364318848
311000000004,9.607204,23.87991714477539,22.115767002105713,40.92684481292963,94.89216804504395,32.335941314697266,32.14324951171875,16.379289627075195
311000000009,48.388206,28.613685607910156,24.72914569079876,13.76040861941874,79.4599711894989,25.653827667236328,25.11052703857422,25.450035095214844
312000000004,18.926764,22.106693267822266,51.13121122121811,61.5645432844758,92.72931814193726,33.54439163208008,26.394943237304688,13.246210098266602
312000000008,9.19744,20.928499221801758,52.90384590625763,80.75137622654438,85.72108149528503,25.897621154785156,23.210525512695312,11.313179016113281
313000000003,5.3381824,22.3225154876709,50.93729868531227,58.579868637025356,77.66293287277222,24.440221786499023,23.13050079345703,17.820877075195312
313000000008,24.298178,25.42061996459961,35.397645086050034,28.70369702577591,89.18566703796387,26.677942276000977,26.41100311279297,10.80798625946045
314000000002,11.916897,25.261728286743164,71.13517075777054,29.773309361189604,92.37092733383179,25.91021728515625,30.22930908203125,21.037330627441406
314000000007,7.5890837,22.285720825195312,51.69538035988808,59.07829385250807,83.47241878509521,22.87525749206543,22.79497718811035,16.47553825378418
321000000002,5.9364414,28.58654022216797,10.588940232992172,13.846686342731118,97.46874570846558,28.56386375427246,28.182720184326172,26.976930618286133
321000000007,13.316993,23.373510360717773,134.42771136760712,45.98846659064293,83.03831815719604,30.77129364013672,18.314632415771484,15.445026397705078
322000000001,12.394461,24.933427810668945,67.5966665148735,32.111238688230515,91.26719236373901,24.407901763916016,23.110204696655273,12.589427947998047
322000000006,30.396992,21.97197151184082,71.05317711830139,63.50425537675619,91.25544428825378,26.285850524902344,15.221222877502441,13.153605461120605
323000000001,7.221406,28.623367309570312,24.174027144908905,13.729765778407454,93.05412173271179,31.299745559692383,30.010753631591797,7.018205642700195
323000000005,7.1462617,26.124095916748047,25.715013965964317,24.411268532276154,91.67935848236084,25.02486801147461,26.878393173217773,26.915613174438477
324000000000,40.200005,19.837772369384766,133.69876146316528,103.8060151040554,83.62103700637817,29.483165740966797,24.441028594970703,23.433095932006836
324000000005,20.29222,21.603633880615234,46.01529985666275,69.1252201795578,84.10738706588745,29.44573974609375,27.4475154876709,17.87818717956543
411000000000,3.8723798,22.973514556884766,20.104333758354187,50.42530130594969,95.2006995677948,30.818017959594727,30.475807189941406,17.747974395751953
411000000004,37.545876,21.92422103881836,52.92501673102379,64.2063096165657,87.6299500465393,32.44638442993164,33.7338981628418,24.460752487182617
412000000003,8.055954,30.414302825927734,26.607567444443703,9.090119856409729,89.73628878593445,25.79702377319336,27.56234359741211,20.691795349121094
413000000003,23.088272,22.529769897460938,83.95536243915558,55.84994796663523,77.32460498809814,29.29642105102539,24.009836196899414,18.725494384765625
414000000002,19.62808,31.00969696044922,10.257089510560036,7.925564423203468,95.31490802764893,27.00579833984375,25.974401473999023,22.370519638061523
421000000002,31.526175,28.522226333618164,38.85193169116974,14.053263003006577,93.94513964653015,27.968469619750977,25.314193725585938,26.092512130737305
422000000001,28.362621,25.246686935424805,47.576505690813065,29.876602347940207,90.4289186000824,25.542842864990234,18.547115325927734,23.04393768310547
423000000001,1.835741,26.57891845703125,23.195819929242134,21.984062623232603,84.93022322654724,30.232746124267578,28.81553840637207,20.931396484375
424000000000,479.31903,20.484086990356445,84.39478278160095,89.4522201269865,69.46357488632202,24.0800838470459,23.15139389038086,18.846324920654297
511000000000,7.604345,22.770030975341797,97.23403304815292,52.84413695335388,98.02427291870117,25.67310333251953,23.643354415893555,15.465229988098145
511000000004,522.3511,17.222501754760742,102.26482152938843,189.56128507852554,55.98626136779785,26.124969482421875,26.684682846069336,18.854015350341797
512000000003,23.858276,21.98856544494629,48.12726005911827,63.26207425445318,81.64548873901367,26.121341705322266,26.874298095703125,16.934823989868164
513000000003,11.404613,27.072738647460938,23.34624156355858,19.62121808901429,90.76464176177979,29.453468322753906,28.662187576293945,8.336856842041016
514000000002,16.652798,19.997621536254883,58.54860693216324,100.05476884543896,72.72500991821289,31.74614906311035,31.81220817565918,18.85080909729004
521000000002,8.500532,23.469045639038086,41.62074625492096,44.987848959863186,92.15547442436218,26.390853881835938,24.9210262298584,25.256452560424805
522000000001,19.052143,22.61455535888672,66.62150472402573,54.770209826529026,83.69371294975281,28.718433380126953,29.66087532043457,15.446722030639648
523000000001,23.870525,29.12169075012207,10.511290282011032,12.24139123223722,94.98260021209717,29.70280647277832,31.656070709228516,33.90415954589844
524000000000,16.756725,nan,nan,nan,nan,23.603721618652344,24.510774612426758,24.510774612426758
611000000000,68.05502,31.220449447631836,27.390941977500916,7.550137233920395,96.14099264144897,23.634122848510742,27.108165740966797,19.39850616455078
611000000004,567.94885,17.60591697692871,198.8898515701294,173.54348674416542,28.920620679855347,31.309154510498047,32.94840621948242,25.616191864013672
612000000003,9.437836,23.61292839050293,47.40794375538826,43.52182149887085,93.32923293113708,30.59217643737793,29.206371307373047,20.731077194213867
613000000003,31.577688,26.26363754272461,63.251495361328125,23.63938605412841,89.58737850189209,24.854360580444336,23.482830047607422,21.889915466308594
614000000002,60.985397,25.1279354095459,55.83608150482178,30.704813543707132,96.53863310813904,20.62757682800293,26.163070678710938,23.744953155517578
621000000002,15.312889,28.295547485351562,43.0130809545517,14.806254766881466,96.24298810958862,23.108123779296875,26.148616790771484,25.35967254638672
622000000001,11.417433,22.990360260009766,70.61086595058441,50.23006349802017,83.5292100906372,23.359045028686523,24.55204963684082,16.853178024291992
623000000001,2.680405,32.81034851074219,21.820543333888054,5.235582357272506,93.3279037475586,26.06874656677246,25.224241256713867,22.0158634185791
624000000000,7.562065,27.165409088134766,33.12704712152481,19.206972792744637,92.86274909973145,23.12819480895996,23.56012535095215,23.971176147460938
711000000000,27.015022,21.805452346801758,34.49433296918869,65.98643958568573,97.94313907623291,24.531042098999023,26.74843978881836,25.791723251342773
711000000004,37.846943,24.373369216918945,57.227086275815964,36.53110936284065,94.17416453361511,24.09305191040039,22.527099609375,23.370433807373047
712000000003,16.127508,27.95946502685547,66.96869432926178,15.997551381587982,92.54373908042908,27.619487762451172,34.330020904541016,24.969655990600586
713000000003,21.762201,24.48488998413086,39.81868922710419,35.604992881417274,88.77760767936707,22.816511154174805,25.199703216552734,19.805416107177734
714000000002,28.213293,20.702625274658203,132.26087391376495,85.06234735250473,76.30622386932373,28.545677185058594,26.803869247436523,19.6285400390625
721000000002,9.304671,25.50261116027832,60.955122113227844,28.166892006993294,90.171879529953,28.330469131469727,30.940610885620117,25.560592651367188
722000000001,26.422222,26.784727096557617,29.979370534420013,20.966562442481518,96.48892283439636,20.62944793701172,23.538286209106445,22.547143936157227
723000000001,13.787318,23.137828826904297,66.96254014968872,48.55311941355467,88.2211685180664,24.87190055847168,26.503116607666016,14.178543090820312
724000000000,5.223827,32.109432220458984,10.260995477437973,6.152571295388043,98.54207038879395,24.01203155517578,19.669374465942383,21.31118392944336
811000000000,2.804938,23.468177795410156,50.90687796473503,44.996836222708225,93.0292010307312,22.558290481567383,25.376516342163086,14.599031448364258
811000000004,79.73605,24.940235137939453,31.52308613061905,32.06095425412059,90.8848226070404,30.465423583984375,28.36354637145996,30.45305633544922
811000000009,5.84706,22.683612823486328,30.318450182676315,53.90619393438101,93.64970922470093,26.628376007080078,26.81945037841797,19.792057037353516
812000000004,31.097345,21.85565757751465,70.90938836336136,65.22802170366049,88.62544894218445,23.246715545654297,25.415739059448242,20.953886032104492
812000000008,170.59367,26.82438850402832,23.397885262966156,20.775950979441404,95.41285037994385,21.43265151977539,24.096927642822266,18.473773956298828
813000000003,23.071499,28.097978591918945,13.45772109925747,15.495369443669915,93.16794872283936,23.20154571533203,23.52688217163086,23.238588333129883
813000000008,11.973249,28.003868103027344,19.426345825195312,15.834815567359328,92.34938621520996,27.096891403198242,25.43133544921875,17.634082794189453
814000000002,5.065711,43.37614059448242,6.8652210757136345,0.45960594434291124,99.5348572731018,26.461748123168945,24.296274185180664,24.2221736907959
814000000007,2.3708096,27.94672966003418,19.423965364694595,16.044521471485496,95.39337158203125,25.414852142333984,20.330116271972656,22.110794067382812
821000000002,9.754648,nan,nan,nan,nan,24.20464515686035,30.18569564819336,30.18569564819336
821000000007,6.889343,26.88106918334961,26.122666895389557,20.50656359642744,93.19911003112793,25.934499740600586,25.920820236206055,22.551589965820312
822000000001,26.210367,24.79534149169922,36.98991239070892,33.148645889014006,86.23789548873901,28.7869930267334,29.179018020629883,26.282024383544922
822000000006,14.566463,28.226829528808594,22.435106337070465,15.042396262288094,93.98616552352905,20.71031379699707,27.909183502197266,29.20473861694336
823000000001,22.029654,22.838520050048828,37.07281872630119,52.01731342822313,82.95451402664185,25.536043167114258,25.43800163269043,25.086944580078125
823000000005,25.26735,20.56775665283203,53.879521787166595,87.74537593126297,84.2530608177185,24.226858139038086,20.600677490234375,17.08940887451172
824000000000,7.826008,28.484756469726562,18.371544778347015,14.175038086250424,96.29725813865662,20.871505737304688,22.051372528076172,18.90509033203125
824000000005,7.1364813,28.91968536376953,15.447196550667286,12.824233854189515,97.09604978561401,28.45729637145996,30.889896392822266,20.602100372314453
911000000000,4.318763,nan,nan,nan,nan,27.278310775756836,28.687009811401367,28.687009811401367
911000000004,4.046649,nan,nan,nan,nan,25.435728073120117,31.097110748291016,31.097110748291016
911000000009,10.527783,nan,nan,nan,nan,24.25992202758789,27.22512435913086,27.22512435913086
912000000004,26.036736,nan,nan,nan,nan,27.654569625854492,23.236291885375977,23.236291885375977
912000000008,26.700329,nan,nan,nan,nan,24.912675857543945,32.391902923583984,32.391902923583984
913000000003,15.959794,nan,nan,nan,nan,19.77992820739746,31.048250198364258,31.048250198364258
913000000008,14.245183,nan,nan,nan,nan,27.44658660888672,31.800968170166016,31.800968170166016
914000000002,108.66772,nan,nan,nan,nan,24.19037437438965,26.31574249267578,26.31574249267578
914000000007,13.670493,nan,nan,nan,nan,24.09084701538086,25.885650634765625,25.885650634765625
921000000002,28.264166,nan,nan,nan,nan,33.42213439941406,27.822437286376953,27.822437286376953
921000000007,89.51856,nan,nan,nan,nan,28.384096145629883,33.444480895996094,33.444480895996094
922000000001,50.398495,nan,nan,nan,nan,25.032155990600586,25.146209716796875,25.146209716796875
922000000006,8.359302,nan,nan,nan,nan,22.14920997619629,22.724334716796875,22.724334716796875
923000000001,10.437621,nan,nan,nan,nan,20.079004287719727,29.307825088500977,29.307825088500977
923000000005,18.232418,nan,nan,nan,nan,26.262062072753906,30.924453735351562,30.924453735351562
924000000000,23.127867,nan,nan,nan,nan,24.67119598388672,31.17864227294922,31.17864227294922
924000000005,10.539058,nan,nan,nan,nan,26.007301330566406,27.805784225463867,27.805784225463867
