file_id,flowalign_nomask|structure_distance,flowalign_nomask|psnr_unedit_part,flowalign_nomask|lpips_unedit_part,flowalign_nomask|mse_unedit_part,flowalign_nomask|ssim_unedit_part,flowalign_nomask|clip_similarity_source_image,flowalign_nomask|clip_similarity_target_image,flowalign_nomask|clip_similarity_target_image_edit_part
000000000000,10.934439,32.208316802978516,12.191622518002987,6.014063255861402,94.53763365745544,24.254085540771484,24.728822708129883,25.27773094177246
000000000004,24.759443,28.947179794311523,33.064376562833786,12.743299594148993,95.52338123321533,27.585750579833984,31.337785720825195,31.818065643310547
000000000009,26.407389,33.01150131225586,7.786265108734369,4.998616059310734,99.14636611938477,26.778465270996094,24.275421142578125,24.026365280151367
000000000014,18.468122,28.087404251098633,42.744752019643784,15.533141558989882,94.66962814331055,19.275184631347656,21.40901756286621,20.76068115234375
000000000018,17.092983,26.231748580932617,41.19333624839783,23.81359925493598,92.94544458389282,26.482135772705078,30.350109100341797,16.956350326538086
000000000023,3.589847,28.508052825927734,25.59739165008068,14.099205145612359,83.3202064037323,25.0826473236084,27.85255241394043,26.078325271606445
000000000028,5.001853,nan,nan,nan,nan,25.335756301879883,27.172452926635742,27.172452926635742
000000000032,3.8491647,31.36460304260254,17.487335950136185,7.303641177713871,95.13575434684753,21.087308883666992,20.55601692199707,19.45124053955078
000000000037,3.7010875,23.674673080444336,69.3630799651146,42.907423339784145,79.733407497406,23.927160263061523,23.957134246826172,21.19465446472168
000000000042,9.780853,21.534957885742188,112.34225332736969,70.22697478532791,89.01587724685669,24.56931495666504,30.55059814453125,23.104164123535156
000000000046,9.025481,nan,nan,nan,nan,25.125455856323242,26.686603546142578,26.686603546142578
000000000051,32.189068,26.176063537597656,51.74000933766365,24.12089379504323,87.86318302154541,28.493249893188477,31.03925323486328,25.800979614257812
000000000056,24.737806,23.064956665039062,42.40001365542412,49.37468096613884,84.11002159118652,29.572147369384766,29.90777587890625,22.498414993286133
000000000060,5.9627094,33.77582550048828,7.131124846637249,4.1919617797248065,97.7155327796936,26.358322143554688,26.011287689208984,25.46258544921875
000000000065,5.3559456,27.815773010253906,70.6576257944107,16.5357009973377,92.45120882987976,23.795291900634766,22.81427764892578,16.829296112060547
000000000070,0.43509403,nan,nan,nan,nan,27.19322395324707,28.0422420501709,28.0422420501709
000000000074,4.490177,33.058860778808594,12.352822348475456,4.94440202601254,95.72984576225281,22.422426223754883,24.69866180419922,23.73689079284668
000000000079,9.280601,nan,nan,nan,nan,25.22629165649414,22.960147857666016,22.960147857666016
000000000084,3.915154,31.121776580810547,21.655702963471413,7.723643793724477,97.3773181438446,28.826274871826172,31.789838790893555,27.78531837463379
000000000088,4.1492624,23.483699798583984,46.235810965299606,44.83632277697325,68.83518695831299,26.808324813842773,26.919437408447266,12.895191192626953
000000000093,50.942776,23.004276275634766,87.71737664937973,50.06938707083464,94.56507563591003,23.494312286376953,24.082294464111328,20.481685638427734
000000000098,20.902237,35.82327651977539,14.535784721374512,2.6162088033743203,94.66325640678406,27.847599029541016,24.25302505493164,25.039073944091797
000000000102,4.636273,34.24628448486328,8.352924138307571,3.761588886845857,97.58492708206177,30.448509216308594,26.61859703063965,27.986034393310547
000000000107,0.98476464,26.85024070739746,36.218516528606415,20.65265318378806,89.25257921218872,23.623403549194336,22.578453063964844,22.584278106689453
000000000112,16.863005,19.377565383911133,172.4080592393875,115.40994048118591,74.15511012077332,28.90278434753418,29.631799697875977,14.58183479309082
000000000116,10.718166,22.643503189086914,59.28397923707962,54.406351409852505,89.70198035240173,27.407424926757812,24.318241119384766,18.572032928466797
000000000121,3.444156,nan,nan,nan,nan,31.36351776123047,29.725444793701172,29.725444793701172
000000000126,10.645428,nan,nan,nan,nan,22.226985931396484,29.93525505065918,29.93525505065918
000000000130,13.085229,23.89961814880371,44.256970286369324,40.74159078299999,93.15242767333984,29.824501037597656,31.61069107055664,21.122777938842773
000000000135,10.589994,27.176679611206055,49.89582300186157,19.15719942189753,92.98887252807617,27.799617767333984,24.94816780090332,20.249317169189453
111000000000,32.396503,21.802776336669922,57.01644346117973,66.02710112929344,84.13335680961609,23.034358978271484,20.438304901123047,20.64954376220703
111000000004,3.765208,27.65111541748047,17.705686390399933,17.174668610095978,91.76734685897827,32.126346588134766,28.946989059448242,9.67665958404541
111000000009,35.09995,18.690479278564453,114.0616238117218,135.19230298697948,83.55099558830261,24.936857223510742,24.53449249267578,22.621442794799805
112000000004,19.650599,23.504806518554688,74.03719425201416,44.618952088057995,88.37674856185913,25.950183868408203,26.083988189697266,16.707361221313477
112000000008,10.441373,25.42711639404297,48.563145101070404,28.660790994763374,93.05926561355591,30.590932846069336,28.853303909301758,28.269498825073242
113000000003,22.199686,21.770214080810547,88.47133070230484,66.52400363236666,90.26252627372742,26.26559829711914,28.128496170043945,28.22157096862793
113000000008,20.72903,24.22210693359375,57.05393850803375,37.82589687034488,87.04622983932495,26.083946228027344,26.161819458007812,27.21971893310547
114000000002,1.9841324,29.964879989624023,27.525708079338074,10.081195505335927,94.90510821342468,26.985586166381836,21.69651222229004,21.36760139465332
114000000007,33.873947,24.758358001708984,89.20542895793915,33.43214048072696,87.88890838623047,26.927757263183594,26.813703536987305,22.683473587036133
121000000002,27.961773,21.70393180847168,108.07040333747864,67.547089420259,69.65161561965942,23.946714401245117,27.434782028198242,23.795589447021484
121000000007,54.529137,20.878307342529297,81.48981630802155,81.69002830982208,90.11015295982361,25.938459396362305,24.40399742126465,20.31753921508789
122000000001,17.553448,24.16612434387207,59.64580178260803,38.316643331199884,89.37087059020996,23.77091407775879,19.812780380249023,20.469833374023438
122000000006,14.286964,26.822019577026367,46.847861260175705,20.787289831787348,90.83255529403687,29.633272171020508,27.702341079711914,25.774864196777344
123000000001,16.333258,27.259614944458008,105.11191189289093,18.794825300574303,92.27878451347351,26.40603256225586,28.474491119384766,20.365524291992188
123000000005,9.248908,26.89423942565918,39.35208171606064,20.444467663764954,87.76962161064148,23.043977737426758,25.47827911376953,24.958633422851562
124000000000,13.381393,28.412673950195312,52.38070711493492,14.412276213988662,93.5281753540039,26.313907623291016,25.253963470458984,19.159250259399414
124000000005,11.537289,20.797409057617188,141.10521972179413,83.22600275278091,76.76916122436523,28.16678810119629,27.73419952392578,19.62531280517578
211000000000,11.481676,30.070348739624023,19.128650426864624,9.839319391176105,96.57316207885742,27.898239135742188,33.47188186645508,32.44780349731445
211000000004,3.7788196,nan,nan,nan,nan,29.888212203979492,31.10295295715332,31.10295295715332
211000000009,9.562837,25.89800262451172,31.691547483205795,25.71577439084649,94.87810134887695,32.233619689941406,30.23596954345703,30.148941040039062
212000000004,10.748016,21.46546173095703,58.6734414100647,71.3598309084773,91.61302447319031,27.7395076751709,29.959129333496094,22.562828063964844
212000000008,14.136669,nan,nan,nan,nan,18.980731964111328,24.058195114135742,24.058195114135742
213000000003,5.705665,nan,nan,nan,nan,25.329116821289062,29.188133239746094,29.188133239746094
213000000008,8.257473,22.28280258178711,61.19365245103836,59.11800544708967,88.12416791915894,24.974472045898438,29.467689514160156,16.630739212036133
214000000002,4.797829,31.83964729309082,20.138930529356003,6.5468932734802365,97.24578261375427,28.13837242126465,27.7928466796875,26.770492553710938
214000000007,4.010719,nan,nan,nan,nan,23.678991317749023,24.17183494567871,24.17183494567871
221000000002,4.458662,26.821285247802734,61.00591644644737,20.79080557450652,91.56864881515503,26.683156967163086,30.44089126586914,21.85269546508789
221000000007,16.008514,nan,nan,nan,nan,27.699220657348633,26.145099639892578,26.145099639892578
222000000001,6.8403463,30.19553565979004,28.84451299905777,9.559745085425675,97.37884402275085,23.354278564453125,21.710155487060547,19.775558471679688
222000000006,7.124213,27.982715606689453,60.699213296175,15.912133967503905,93.69792938232422,17.99535369873047,15.245946884155273,20.176496505737305
223000000001,7.8978343,26.040069580078125,67.49749928712845,24.8881708830595,96.02267146110535,25.897180557250977,35.25749588012695,25.713661193847656
223000000005,4.787708,nan,nan,nan,nan,21.244783401489258,24.852195739746094,24.852195739746094
224000000000,37.297394,24.52512550354004,54.803330451250076,35.27664812281728,95.32858729362488,25.185997009277344,23.150535583496094,23.08437728881836
224000000005,5.9047155,30.098787307739258,18.6248030513525,9.775095386430621,98.14437627792358,27.30318260192871,36.090354919433594,30.0689754486084
311000000000,17.290155,28.681203842163086,23.993704468011856,13.548131100833416,97.22180366516113,28.34686279296875,21.241554260253906,10.391057014465332
311000000004,7.0649567,27.692983627319336,17.082475125789642,17.009894363582134,95.46787142753601,32.335941314697266,32.77755355834961,16.892004013061523
311000000009,3.9508593,36.372745513916016,10.031134821474552,2.305289526702836,93.36518049240112,25.653827667236328,25.3590145111084,25.052026748657227
312000000004,17.709368,22.815183639526367,48.73962327837944,52.297585643827915,92.83952713012695,33.54439163208008,26.70813751220703,13.332198143005371
312000000008,4.0047503,24.07573699951172,46.32176831364632,39.12246320396662,87.23728656768799,25.897621154785156,23.12815284729004,11.234912872314453
313000000003,2.3816576,23.507938385009766,45.387640595436096,44.58677489310503,78.85990142822266,24.440221786499023,23.396530151367188,17.7330379486084
313000000008,3.667987,29.303363800048828,27.116041630506516,11.739872861653566,93.39205622673035,26.677942276000977,26.717859268188477,11.507365226745605
314000000002,12.203268,24.954837799072266,71.46301120519638,31.953330617398024,92.24872589111328,25.91021728515625,30.28411293029785,21.063989639282227
314000000007,5.701856,24.178773880004883,52.00968682765961,38.20521757006645,83.4175705909729,22.87525749206543,22.300844192504883,16.482675552368164
321000000002,1.1143787,30.784568786621094,5.879569333046675,8.347241091541946,98.28020930290222,28.56386375427246,29.39636993408203,23.708572387695312
321000000007,13.241494,23.10498809814453,138.4732872247696,48.921648412942886,82.2081446647644,30.77129364013672,18.41118812561035,15.01605224609375
322000000001,7.9033628,25.45037841796875,65.36509841680527,28.507683891803026,92.04392433166504,24.407901763916016,22.843652725219727,12.627127647399902
322000000006,37.096703,23.7915096282959,70.34612447023392,41.76851361989975,92.718505859375,26.285850524902344,15.151103973388672,13.22046947479248
323000000001,5.523536,30.707199096679688,22.234931588172913,8.497280068695545,93.44567060470581,31.299745559692383,30.3715877532959,7.013151168823242
323000000005,1.8986726,28.877840042114258,17.0573927462101,12.948394287377596,94.15658712387085,25.02486801147461,25.933738708496094,26.6746883392334
324000000000,34.227806,25.04721450805664,124.85720962285995,31.280845869332552,88.00410032272339,29.483165740966797,24.600675582885742,23.18659782409668
324000000005,2.472606,27.04094123840332,31.498510390520096,19.76541243493557,90.39934873580933,29.44573974609375,28.7785587310791,18.59282684326172
411000000000,2.3879073,29.07563591003418,14.779208227992058,12.37189513631165,95.92398405075073,30.818017959594727,30.567646026611328,18.96266746520996
411000000004,15.214426,24.681888580322266,43.70628669857979,34.02600763365626,91.2779688835144,32.44638442993164,33.127532958984375,23.520051956176758
412000000003,6.4433966,31.942501068115234,26.003265753388405,6.39366393443197,92.7649199962616,25.79702377319336,27.950876235961914,20.56197166442871
413000000003,10.337567,23.98491668701172,73.41330498456955,39.949226193130016,83.47201347351074,29.29642105102539,23.89189910888672,18.550678253173828
414000000002,2.4277322,33.15396499633789,5.127394571900368,4.8373048775829375,97.70917892456055,27.00579833984375,26.008201599121094,22.085695266723633
421000000002,14.905051,29.82872772216797,35.828955471515656,10.402246844023466,95.59530019760132,27.968469619750977,25.457256317138672,25.85556411743164
422000000001,11.51019,27.185199737548828,41.28026217222214,19.119646167382598,93.20544004440308,25.542842864990234,18.562667846679688,22.689971923828125
423000000001,1.6648669,27.405447006225586,21.51540480554104,18.174195429310203,85.19255518913269,30.232746124267578,28.650592803955078,21.05029296875
424000000000,72.22456,24.280498504638672,38.48994895815849,37.32072887942195,81.99429512023926,24.0800838470459,22.877689361572266,20.501710891723633
511000000000,7.7125664,29.187345504760742,87.77599781751633,12.057725107297301,98.09147715568542,25.67310333251953,23.920143127441406,14.585351943969727
511000000004,11.957151,23.511341094970703,37.91613131761551,44.5518409833312,83.70051383972168,26.124969482421875,26.489097595214844,20.020648956298828
512000000003,1.267143,29.725351333618164,24.93947371840477,10.652822675183415,90.28705358505249,26.121341705322266,26.202667236328125,17.327911376953125
513000000003,0.8642667,32.372955322265625,14.982358552515507,5.790342693217099,94.36261057853699,29.453468322753906,28.36880111694336,8.180771827697754
514000000002,1.824946,22.00016212463379,42.7200086414814,63.09335585683584,76.09448432922363,31.74614906311035,31.103519439697266,18.7959041595459
521000000002,5.650875,30.942777633666992,35.48256680369377,8.048631134442985,93.61356496810913,26.390853881835938,24.55677604675293,25.39849853515625
522000000001,5.1703734,26.85523223876953,54.3125756084919,20.628925412893295,86.30141019821167,28.718433380126953,29.949298858642578,15.443799018859863
523000000001,14.0523,30.87398338317871,8.189846761524677,8.17714084405452,96.29742503166199,29.70280647277832,32.32248306274414,32.6220817565918
524000000000,5.049459,nan,nan,nan,nan,23.603721618652344,24.557016372680664,24.557016372680664
611000000000,39.456272,29.21791648864746,31.124141067266464,11.973149375990033,94.5593535900116,23.634122848510742,26.86963653564453,19.52819061279297
611000000004,25.825706,32.700469970703125,28.017682954669,5.369734717532992,87.86029815673828,31.309154510498047,32.46895217895508,25.596363067626953
612000000003,5.780703,25.001493453979492,44.41525787115097,31.61190077662468,94.37543153762817,30.59217643737793,29.71919822692871,20.611021041870117
613000000003,11.221065,28.49441146850586,63.36279213428497,14.143561711534858,90.19914865493774,24.854360580444336,24.10198402404785,22.245826721191406
614000000002,58.430565,24.964126586914062,56.30900710821152,31.885060016065836,96.41631841659546,20.62757682800293,26.479812622070312,23.794851303100586
621000000002,10.221903,28.175682067871094,44.730160385370255,15.220592031255364,96.1610198020935,23.108123779296875,26.511856079101562,25.264877319335938
622000000001,5.6837273,25.132854461669922,60.09390950202942,30.670035630464554,87.2717022895813,23.359045028686523,24.15425682067871,16.316423416137695
623000000001,0.7785058,33.947975158691406,21.810071542859077,4.02904930524528,93.33267211914062,26.06874656677246,25.319211959838867,22.128217697143555
624000000000,4.7220063,33.403133392333984,16.378963366150856,4.567584546748549,97.47292399406433,23.12819480895996,23.823183059692383,25.492033004760742
711000000000,29.355137,25.458030700683594,30.71468509733677,28.457504231482744,98.05455207824707,24.531042098999023,26.534629821777344,25.882259368896484
711000000004,32.594284,24.6511287689209,56.19215965270996,34.267876762896776,94.78151798248291,24.09305191040039,23.111637115478516,23.421710968017578
712000000003,15.2784815,27.756994247436523,68.5964897274971,16.761021688580513,92.67167448997498,27.619487762451172,34.625144958496094,24.8955078125
713000000003,3.6121047,28.83954429626465,31.16362914443016,13.0630808416754,91.07027053833008,22.816511154174805,25.685855865478516,20.504030227661133
714000000002,14.223928,21.84383201599121,125.58075785636902,65.4058763757348,81.73174858093262,28.545677185058594,25.135177612304688,19.264463424682617
721000000002,11.155501,25.582063674926758,65.53884595632553,27.65625948086381,90.39167165756226,28.330469131469727,31.149494171142578,26.142900466918945
722000000001,26.308458,28.3620662689209,28.387293219566345,14.581205323338509,96.62432670593262,20.62944793701172,23.295137405395508,22.424442291259766
723000000001,10.644305,25.278141021728516,63.294991850852966,29.66099651530385,89.5277738571167,24.87190055847168,25.91653823852539,14.141440391540527
724000000000,2.742533,38.805824279785156,8.820443414151669,1.3164895062800497,99.22718405723572,24.01203155517578,20.24894905090332,21.57779884338379
811000000000,2.9204836,26.068605422973633,48.07202145457268,24.725166149437428,92.97165274620056,22.558290481567383,26.271835327148438,14.712958335876465
811000000004,39.927834,26.72618293762207,23.78198690712452,21.251114085316658,93.25727224349976,30.465423583984375,29.041624069213867,30.943286895751953
811000000009,1.0660564,26.489543914794922,22.120749577879906,22.441179025918245,94.99251246452332,26.628376007080078,27.39759063720703,19.81235122680664
812000000004,22.070387,22.825122833251953,73.05186241865158,52.17800382524729,88.80306482315063,23.246715545654297,25.468307495117188,21.13573455810547
812000000008,30.138697,29.54045867919922,16.189707443118095,11.11613935790956,96.42016291618347,21.43265151977539,24.290075302124023,18.289417266845703
813000000003,15.196119,34.59217834472656,10.368915274739265,3.473615797702223,94.3680465221405,23.20154571533203,23.76634407043457,23.603418350219727
813000000008,6.0825634,29.07373046875,18.154125660657883,12.377324746921659,93.71463656425476,27.096891403198242,25.479251861572266,17.970359802246094
814000000002,5.068614,43.23463439941406,7.034153677523136,0.4748279388877563,99.54161643981934,26.461748123168945,24.32944107055664,24.314571380615234
814000000007,2.6633275,27.71123695373535,19.71922069787979,16.93854690529406,95.3781008720398,25.414852142333984,20.56097984313965,22.168703079223633
821000000002,7.86248,nan,nan,nan,nan,24.20464515686035,30.059289932250977,30.059289932250977
821000000007,3.6924148,28.96119499206543,23.72002601623535,12.70224223844707,94.33406591415405,25.934499740600586,26.21538543701172,22.473297119140625
822000000001,6.86964,26.433231353759766,32.34262391924858,22.73404272273183,91.25738143920898,28.7869930267334,29.66253662109375,26.462905883789062
822000000006,13.987272,28.801403045654297,22.1503097563982,13.178307563066483,94.09226179122925,20.71031379699707,27.816078186035156,29.595609664916992
823000000001,18.690027,25.039531707763672,28.291206806898117,31.336236279457808,85.23324728012085,25.536043167114258,28.03388786315918,25.73729133605957
823000000005,3.6644557,23.675765991210938,29.861735180020332,42.89664328098297,88.65693807601929,24.226858139038086,20.363380432128906,17.980178833007812
824000000000,7.127417,32.03956604003906,17.47492142021656,6.252348539419472,96.66973352432251,20.871505737304688,22.338050842285156,18.81464958190918
824000000005,6.9846377,29.737483978271484,15.55128674954176,10.623101843520999,97.18393683433533,28.45729637145996,31.047225952148438,20.643611907958984
911000000000,3.6864493,nan,nan,nan,nan,27.278310775756836,28.84009552001953,28.84009552001953
911000000004,5.6094193,nan,nan,nan,nan,25.435728073120117,30.900972366333008,30.900972366333008
911000000009,3.9164376,nan,nan,nan,nan,24.25992202758789,27.301198959350586,27.301198959350586
912000000004,8.533824,nan,nan,nan,nan,27.654569625854492,22.978553771972656,22.978553771972656
912000000008,28.123404,nan,nan,nan,nan,24.912675857543945,31.979093551635742,31.979093551635742
913000000003,15.4655,nan,nan,nan,nan,19.77992820739746,30.629985809326172,30.629985809326172
913000000008,8.054718,nan,nan,nan,nan,27.44658660888672,31.957277297973633,31.957277297973633
914000000002,7.687369,nan,nan,nan,nan,24.19037437438965,25.504362106323242,25.504362106323242
914000000007,7.9863973,nan,nan,nan,nan,24.09084701538086,26.180076599121094,26.180076599121094
921000000002,18.873627,nan,nan,nan,nan,33.42213439941406,28.399505615234375,28.399505615234375
921000000007,54.385834,nan,nan,nan,nan,28.384096145629883,33.8577880859375,33.8577880859375
922000000001,34.479996,nan,nan,nan,nan,25.032155990600586,25.447294235229492,25.447294235229492
922000000006,6.6490655,nan,nan,nan,nan,22.14920997619629,23.09228515625,23.09228515625
923000000001,10.262977,nan,nan,nan,nan,20.079004287719727,29.088857650756836,29.088857650756836
923000000005,15.614492,nan,nan,nan,nan,26.262062072753906,31.271148681640625,31.271148681640625
924000000000,22.692375,nan,nan,nan,nan,24.67119598388672,31.225358963012695,31.225358963012695
924000000005,6.986301,nan,nan,nan,nan,26.007301330566406,27.364938735961914,27.364938735961914
