file_id,flowedit_nomask|structure_distance,flowedit_nomask|psnr_unedit_part,flowedit_nomask|lpips_unedit_part,flowedit_nomask|mse_unedit_part,flowedit_nomask|ssim_unedit_part,flowedit_nomask|clip_similarity_source_image,flowedit_nomask|clip_similarity_target_image,flowedit_nomask|clip_similarity_target_image_edit_part
000000000000,22.295713,26.32391357421875,25.20993910729885,23.31355819478631,93.58077049255371,24.254085540771484,26.553340911865234,26.19746971130371
000000000004,35.6359,22.846607208251953,92.99854934215546,51.92053969949484,88.48292231559753,27.585750579833984,33.79798126220703,34.67774963378906
000000000009,41.318733,33.32387161254883,7.037054747343063,4.651708586607128,99.2841124534607,26.778465270996094,26.831209182739258,26.875370025634766
000000000014,23.31958,25.67052459716797,46.82948440313339,27.0986370742321,92.95751452445984,19.275184631347656,26.988018035888672,24.011585235595703
000000000018,54.90537,15.815372467041016,155.4858237504959,262.09741830825806,72.09388017654419,26.482135772705078,27.210491180419922,24.527957916259766
000000000023,17.806387,25.176603317260742,61.4488385617733,30.36264330148697,81.09203577041626,25.0826473236084,27.44194793701172,25.284204483032227
000000000028,10.39543,nan,nan,nan,nan,25.335756301879883,27.125146865844727,27.125146865844727
000000000032,11.221244,25.449968338012695,80.17216622829437,28.51038472726941,89.76613283157349,21.087308883666992,19.5396785736084,17.99907684326172
000000000037,4.5622697,22.844575881958008,79.93489503860474,51.94483324885368,79.65819239616394,23.927160263061523,22.56389617919922,18.782249450683594
000000000042,27.28542,19.521886825561523,128.6151260137558,111.63774877786636,85.11732816696167,24.56931495666504,31.979116439819336,22.12520980834961
000000000046,15.914975,nan,nan,nan,nan,25.125455856323242,24.866214752197266,24.866214752197266
000000000051,67.61888,23.689777374267578,63.179291784763336,42.75847692042589,87.8280520439148,28.493249893188477,28.135650634765625,27.615562438964844
000000000056,27.581482,20.227060317993164,76.52906328439713,94.90601718425751,80.02943992614746,29.572147369384766,29.146221160888672,21.670000076293945
000000000060,21.83728,29.685701370239258,33.363498747348785,10.750523069873452,95.73580026626587,26.358322143554688,23.301101684570312,24.8743953704834
000000000065,13.886904,21.804515838623047,89.62608128786087,66.00067019462585,87.24567294120789,23.795291900634766,24.395402908325195,18.211572647094727
000000000070,4.386035,nan,nan,nan,nan,27.19322395324707,25.513687133789062,25.513687133789062
000000000074,13.77824,29.86141586303711,31.01925179362297,10.324245085939765,93.89383792877197,22.422426223754883,25.43020248413086,24.35205078125
000000000079,10.605491,nan,nan,nan,nan,25.22629165649414,26.176504135131836,26.176504135131836
000000000084,29.472322,21.545656204223633,88.57885748147964,70.05421910434961,92.05646514892578,28.826274871826172,29.733667373657227,28.31331443786621
000000000088,13.719852,18.4403018951416,95.62366455793381,143.2088017463684,61.07553839683533,26.808324813842773,29.976991653442383,18.110551834106445
000000000093,43.6711,27.275495529174805,25.680862367153168,18.726233392953873,97.59294986724854,23.494312286376953,26.493722915649414,23.48164939880371
000000000098,19.178871,28.39592933654785,31.76187351346016,14.467948349192739,94.8535144329071,27.847599029541016,23.339557647705078,21.809282302856445
000000000102,10.923741,29.258941650390625,19.0019141882658,11.86057343147695,95.928955078125,30.448509216308594,23.76808738708496,25.846263885498047
000000000107,14.373309,20.239158630371094,134.14272665977478,94.64203380048275,80.14758825302124,23.623403549194336,23.631582260131836,22.43263053894043
000000000112,20.025873,19.14052963256836,141.1583125591278,121.88407592475414,76.2168288230896,28.90278434753418,27.772855758666992,28.590280532836914
000000000116,18.048626,18.09585952758789,123.42070043087006,155.0294179469347,83.4727942943573,27.407424926757812,23.036041259765625,14.30711555480957
000000000121,20.611761,nan,nan,nan,nan,31.36351776123047,30.24173927307129,30.24173927307129
000000000126,39.881416,nan,nan,nan,nan,22.226985931396484,27.946304321289062,27.946304321289062
000000000130,20.282406,18.96800994873047,89.56647664308548,126.82326138019562,86.35277152061462,29.824501037597656,32.94891357421875,29.829593658447266
000000000135,28.538475,21.883230209350586,92.32211858034134,64.81522228568792,88.572096824646,27.799617767333984,24.2347354888916,25.402179718017578
111000000000,75.42163,18.605640411376953,118.02034080028534,137.85921037197113,80.9964656829834,23.034358978271484,22.484779357910156,23.987518310546875
111000000004,20.306398,18.45940589904785,94.04737502336502,142.5802707672119,78.85105609893799,32.126346588134766,32.449954986572266,13.188879013061523
111000000009,49.39464,17.625755310058594,126.62996351718903,172.752533107996,83.537358045578,24.936857223510742,28.161672592163086,21.619632720947266
112000000004,32.68661,18.14080238342285,139.01501893997192,153.43330800533295,78.30548286437988,25.950183868408203,26.526018142700195,17.157381057739258
112000000008,12.251083,24.755098342895508,44.997330754995346,33.45724195241928,92.29048490524292,30.590932846069336,26.613685607910156,29.193300247192383
113000000003,36.355618,19.901004791259766,133.19049775600433,102.3055799305439,83.70158672332764,26.26559829711914,31.46109962463379,30.54932403564453
113000000008,33.499874,19.307636260986328,136.34413480758667,117.28334240615368,75.4948616027832,26.083946228027344,24.456981658935547,25.068675994873047
114000000002,17.599388,21.313404083251953,149.4978368282318,73.90256505459547,82.80775547027588,26.985586166381836,25.929624557495117,21.90741539001465
114000000007,19.43707,24.248504638671875,57.31365084648132,37.5966913998127,87.66242861747742,26.927757263183594,26.82278823852539,21.35489845275879
121000000002,34.239487,20.791833877563477,136.74402236938477,83.33289064466953,73.99886846542358,23.946714401245117,26.80653953552246,23.583650588989258
121000000007,60.260536,19.214466094970703,117.52961575984955,119.82657015323639,87.24470138549805,25.938459396362305,26.70807456970215,24.440488815307617
122000000001,30.256815,19.7333984375,124.64184314012527,106.33103549480438,80.28061389923096,23.77091407775879,23.94725799560547,21.282020568847656
122000000006,18.453602,24.132991790771484,62.1563121676445,38.61007513478398,88.57953548431396,29.633272171020508,28.387468338012695,23.22756576538086
123000000001,20.50017,24.535524368286133,124.78867918252945,35.19227961078286,90.44076204299927,26.40603256225586,28.776641845703125,23.448589324951172
123000000005,24.076593,21.26207160949707,115.13947695493698,74.78127721697092,80.69435358047485,23.043977737426758,23.052370071411133,25.46505355834961
124000000000,31.523294,23.827009201049805,135.02933084964752,41.42846446484327,84.99735593795776,26.313907623291016,32.01770782470703,21.775976181030273
124000000005,21.074793,19.03687858581543,198.1198489665985,124.8280331492424,71.96234464645386,28.16678810119629,27.93926239013672,19.698183059692383
211000000000,48.62152,21.191608428955078,71.97583466768265,76.0044390335679,88.94912600517273,27.898239135742188,31.70284652709961,30.792247772216797
211000000004,29.890419,nan,nan,nan,nan,29.888212203979492,36.826751708984375,36.826751708984375
211000000009,32.4498,23.162282943725586,57.6293021440506,48.280488699674606,90.70937037467957,32.233619689941406,33.35110855102539,30.929052352905273
212000000004,9.86932,20.70628547668457,60.3516660630703,84.99071933329105,90.55037498474121,27.7395076751709,34.18259048461914,18.04969596862793
212000000008,20.359901,nan,nan,nan,nan,18.980731964111328,26.037147521972656,26.037147521972656
213000000003,33.79611,nan,nan,nan,nan,25.329116821289062,30.500925064086914,30.500925064086914
213000000008,22.61747,19.236221313476562,117.24399030208588,119.22791600227356,79.86196279525757,24.974472045898438,23.799570083618164,19.451805114746094
214000000002,15.781548,26.764957427978516,61.52746081352234,21.06222091242671,95.80554962158203,28.13837242126465,28.849918365478516,28.453237533569336
214000000007,32.444332,nan,nan,nan,nan,23.678991317749023,27.807950973510742,27.807950973510742
221000000002,34.81843,19.49673843383789,166.5641963481903,112.28613555431366,81.13311529159546,26.683156967163086,33.161956787109375,24.8221435546875
221000000007,20.953823,nan,nan,nan,nan,27.699220657348633,27.512216567993164,27.512216567993164
222000000001,16.084393,28.782712936401367,36.95620968937874,13.235141523182392,96.70319557189941,23.354278564453125,23.95182228088379,26.180204391479492
222000000006,4.2999887,31.62868881225586,26.614125818014145,6.872757221572101,95.90559005737305,17.99535369873047,21.95383644104004,24.48714256286621
223000000001,12.586869,24.092145919799805,69.19478625059128,38.974916096776724,94.20561194419861,25.897180557250977,34.50955581665039,31.739336013793945
223000000005,14.342861,nan,nan,nan,nan,21.244783401489258,24.565038681030273,24.565038681030273
224000000000,13.123948,35.42056655883789,17.440805211663246,2.87040340481326,97.66742587089539,25.185997009277344,26.539411544799805,26.50160789489746
224000000005,11.773732,26.881118774414062,28.899995610117912,20.506337750703096,96.17538452148438,27.30318260192871,35.08146286010742,37.2999153137207
311000000000,14.526724,21.028966903686523,61.100758612155914,78.9047870784998,92.70485639572144,28.34686279296875,22.526836395263672,14.186659812927246
311000000004,16.740944,17.5219783782959,105.51542043685913,176.93022266030312,83.43154788017273,32.335941314697266,33.21408462524414,19.240793228149414
311000000009,19.262163,28.194290161132812,40.95718637108803,15.155525179579854,91.08538031578064,25.653827667236328,23.633317947387695,25.0883731842041
312000000004,7.790815,24.29360580444336,50.99140107631683,37.20826469361782,93.12270879745483,33.54439163208008,26.20661163330078,20.333559036254883
312000000008,22.619339,17.325960159301758,168.20938885211945,185.09896472096443,71.83393239974976,25.897621154785156,26.42630386352539,12.664506912231445
313000000003,13.240509,18.170021057128906,126.09419226646423,152.40450389683247,65.70401787757874,24.440221786499023,30.37291717529297,20.614765167236328
313000000008,23.77934,19.809022903442383,151.34283900260925,104.49550114572048,79.73160743713379,26.677942276000977,27.899885177612305,11.887364387512207
314000000002,30.934742,20.653358459472656,126.24680995941162,86.03277616202831,87.25193738937378,25.91021728515625,29.034751892089844,23.650829315185547
314000000007,19.710875,19.4797420501709,153.20086479187012,112.72643692791462,74.87079501152039,22.87525749206543,26.47799301147461,17.744403839111328
321000000002,9.187828,22.12957191467285,26.120759546756744,61.24107167124748,94.82955932617188,28.56386375427246,28.771591186523438,27.203243255615234
321000000007,18.519888,21.1787109375,160.8542501926422,76.23050827533007,81.85216784477234,30.77129364013672,25.165456771850586,17.487213134765625
322000000001,4.3043475,27.590951919555664,44.356536120176315,17.414247849956155,92.37107038497925,24.407901763916016,24.322738647460938,8.423070907592773
322000000006,2.5177476,31.002458572387695,13.116603717207909,7.938784547150135,96.52849435806274,26.285850524902344,16.72338104248047,12.36067008972168
323000000001,25.305866,19.37290382385254,134.95096564292908,115.53391814231873,75.69183707237244,31.299745559692383,28.76715087890625,13.420075416564941
323000000005,10.414172,22.74543571472168,50.49598962068558,53.14426030963659,88.47452402114868,25.02486801147461,30.542957305908203,29.347116470336914
324000000000,16.042677,24.29122543334961,106.21325671672821,37.22864901646972,89.95634913444519,29.483165740966797,19.65890884399414,17.872684478759766
324000000005,3.3147175,25.611173629760742,48.42735454440117,27.471508365124464,88.40388059616089,29.44573974609375,29.907482147216797,18.371854782104492
411000000000,12.580268,18.132076263427734,105.49075156450272,153.7418831139803,83.4236741065979,30.818017959594727,34.14593505859375,24.034772872924805
411000000004,51.89861,16.120037078857422,181.95977807044983,244.34087797999382,67.37746000289917,32.44638442993164,33.23146057128906,21.3783016204834
412000000003,9.309475,25.679832458496094,80.27699589729309,27.04062731936574,84.28478240966797,25.79702377319336,28.431230545043945,20.93900489807129
413000000003,40.83644,17.34502601623535,196.91044092178345,184.28808078169823,67.97661781311035,29.29642105102539,26.063751220703125,20.390762329101562
414000000002,12.308127,29.934001922607422,11.62034273147583,10.15312154777348,96.61533236503601,27.00579833984375,26.373741149902344,24.856870651245117
421000000002,36.363625,23.106346130371094,75.61931759119034,48.906346783041954,91.233891248703,27.968469619750977,24.494216918945312,24.37523078918457
422000000001,7.5705247,27.08234405517578,42.17270016670227,19.577874336391687,92.63694286346436,25.542842864990234,23.132673263549805,23.063508987426758
423000000001,21.039558,19.522319793701172,190.8539980649948,111.6266567260027,63.734400272369385,30.232746124267578,27.959257125854492,21.640005111694336
424000000000,60.39187,20.13422393798828,113.99952322244644,96.9566497951746,80.18077611923218,24.0800838470459,23.019723892211914,22.820758819580078
511000000000,6.0880847,28.63126564025879,33.47337990999222,13.704822631552815,99.03140068054199,25.67310333251953,26.922950744628906,24.8880558013916
511000000004,48.791077,15.995859146118164,183.49850177764893,251.42818689346313,66.48684740066528,26.124969482421875,26.224905014038086,20.36830711364746
512000000003,5.9218693,26.446826934814453,53.8003072142601,22.662989795207977,87.09497451782227,26.121341705322266,27.723121643066406,17.655345916748047
513000000003,28.671764,17.440711975097656,168.25486719608307,180.2721805870533,71.8735933303833,29.453468322753906,27.71438980102539,13.99422550201416
514000000002,18.343576,18.856901168823242,115.23819714784622,130.10971248149872,66.21098518371582,31.74614906311035,31.975074768066406,21.11444854736328
521000000002,42.6334,21.307218551635742,138.4277492761612,74.00792092084885,85.66746711730957,26.390853881835938,25.09262466430664,25.500171661376953
522000000001,28.032295,20.234277725219727,193.26359033584595,94.74844671785831,73.63460063934326,28.718433380126953,32.582889556884766,12.803483009338379
523000000001,19.265303,26.72183609008789,22.576522082090378,21.272392477840185,93.81347894668579,29.70280647277832,30.586746215820312,29.142221450805664
524000000000,13.159718,nan,nan,nan,nan,23.603721618652344,22.859073638916016,22.859073638916016
611000000000,35.591255,26.437389373779297,67.21267104148865,22.712291684001684,91.96909666061401,23.634122848510742,23.90945053100586,14.362475395202637
611000000004,70.36157,23.05208969116211,99.34075176715851,49.52117335051298,86.07298135757446,31.309154510498047,30.95060920715332,26.22439956665039
612000000003,19.748503,21.293947219848633,99.15488958358765,74.23440460115671,84.74783301353455,30.59217643737793,25.918197631835938,21.41217041015625
613000000003,20.649973,25.10039520263672,107.61815309524536,30.900135170668364,87.05956935882568,24.854360580444336,25.95667266845703,22.54875373840332
614000000002,29.982796,28.32257843017578,70.64405083656311,14.714384451508522,96.57852053642273,20.62757682800293,25.821041107177734,24.34759521484375
621000000002,9.277225,25.281389236450195,46.909742057323456,29.638821724802256,95.39538621902466,23.108123779296875,27.387279510498047,25.7688045501709
622000000001,10.957357,21.805566787719727,94.6437269449234,65.98469335585833,83.24998617172241,23.359045028686523,23.33268165588379,17.46828269958496
623000000001,14.47243,21.71600341796875,110.12396216392517,67.3596328124404,84.97375845909119,26.06874656677246,26.832088470458984,26.23867416381836
624000000000,25.06897,23.81674575805664,58.41895192861557,41.5264954790473,92.294442653656,23.12819480895996,24.235614776611328,25.896495819091797
711000000000,37.342197,26.828031539916992,17.716744914650917,20.75853291898966,98.53465557098389,24.531042098999023,31.032041549682617,27.71950912475586
711000000004,46.185947,30.059017181396484,55.46716973185539,9.865026222541928,95.90393304824829,24.09305191040039,26.198083877563477,24.94269371032715
712000000003,31.2992,23.72705841064453,124.86529350280762,42.39297937601805,90.1171326637268,27.619487762451172,36.288116455078125,30.769582748413086
713000000003,28.15428,20.706640243530273,146.50774002075195,84.98375304043293,81.2340259552002,22.816511154174805,28.62932586669922,22.199466705322266
714000000002,15.332221,21.354270935058594,138.20038735866547,73.21042474359274,78.99551391601562,28.545677185058594,29.328022003173828,23.270030975341797
721000000002,22.578485,21.609148025512695,94.37108039855957,69.037526845932,85.40741205215454,28.330469131469727,28.640716552734375,26.5290470123291
722000000001,22.655949,23.937467575073242,64.57815319299698,40.38806539028883,93.01425814628601,20.62944793701172,25.005924224853516,20.643178939819336
723000000001,25.55495,19.898391723632812,141.19605720043182,102.36716829240322,78.69675159454346,24.87190055847168,26.492496490478516,17.95651626586914
724000000000,19.411325,28.48219108581543,33.79162773489952,14.183413004502654,96.92020416259766,24.01203155517578,23.53757667541504,24.86781883239746
811000000000,10.966723,21.730371475219727,77.26989686489105,67.13713053613901,88.9973521232605,22.558290481567383,20.168676376342773,11.216778755187988
811000000004,22.524992,18.295513153076172,86.11784130334854,148.0636838823557,82.20095634460449,30.465423583984375,28.922945022583008,30.123584747314453
811000000009,22.41529,16.20125389099121,100.68489611148834,239.81397971510887,78.51604223251343,26.628376007080078,26.637672424316406,17.95854949951172
812000000004,25.264462,19.543424606323242,123.33390861749649,111.08550243079662,80.59796094894409,23.246715545654297,26.6965389251709,22.38702392578125
812000000008,20.225561,23.428743362426758,47.087378799915314,45.40728870779276,91.75710678100586,21.43265151977539,32.22636032104492,26.546405792236328
813000000003,48.184967,21.611839294433594,97.87450730800629,68.99474188685417,83.39614868164062,23.20154571533203,27.76128578186035,27.85251235961914
813000000008,13.627527,24.23250961303711,48.15089702606201,37.73539559915662,88.62010836601257,27.096891403198242,24.72873878479004,20.86039161682129
814000000002,7.0455713,38.519412994384766,11.49058248847723,1.4062374248169363,99.38498735427856,26.461748123168945,25.592639923095703,24.429141998291016
814000000007,52.419083,19.45802879333496,201.703742146492,113.29147033393383,77.35570669174194,25.414852142333984,30.217361450195312,22.757482528686523
821000000002,22.718203,nan,nan,nan,nan,24.20464515686035,28.253768920898438,28.253768920898438
821000000007,21.47333,19.13389015197754,113.02869766950607,122.07053601741791,83.05014371871948,25.934499740600586,27.040571212768555,23.249486923217773
822000000001,21.366812,22.207157135009766,82.95927941799164,60.15673279762268,83.32955241203308,28.7869930267334,31.46480369567871,22.402475357055664
822000000006,23.264748,24.855173110961914,41.97811335325241,32.69509645178914,91.7091965675354,20.71031379699707,26.348575592041016,34.18650817871094
823000000001,13.058192,21.790666580200195,64.0411525964737,66.2114704027772,82.55844116210938,25.536043167114258,23.623720169067383,24.207149505615234
823000000005,14.696723,19.082935333251953,98.98202866315842,123.51120822131634,78.72645258903503,24.226858139038086,23.304155349731445,25.195016860961914
824000000000,13.454003,24.990909576416016,72.64286279678345,31.689025927335024,92.2048807144165,20.871505737304688,25.782001495361328,21.975597381591797
824000000005,18.691568,24.010704040527344,41.83134064078331,39.71271216869354,92.81882047653198,28.45729637145996,26.105424880981445,22.171194076538086
911000000000,23.109907,nan,nan,nan,nan,27.278310775756836,31.10755157470703,31.10755157470703
911000000004,39.99375,nan,nan,nan,nan,25.435728073120117,29.53650665283203,29.53650665283203
911000000009,30.624659,nan,nan,nan,nan,24.25992202758789,29.472270965576172,29.472270965576172
912000000004,14.932865,nan,nan,nan,nan,27.654569625854492,33.51675033569336,33.51675033569336
912000000008,40.273937,nan,nan,nan,nan,24.912675857543945,32.62025833129883,32.62025833129883
913000000003,40.189213,nan,nan,nan,nan,19.77992820739746,32.823909759521484,32.823909759521484
913000000008,37.055447,nan,nan,nan,nan,27.44658660888672,33.170692443847656,33.170692443847656
914000000002,28.854929,nan,nan,nan,nan,24.19037437438965,23.38231086730957,23.38231086730957
914000000007,24.562992,nan,nan,nan,nan,24.09084701538086,27.101123809814453,27.101123809814453
921000000002,53.31469,nan,nan,nan,nan,33.42213439941406,32.38312530517578,32.38312530517578
921000000007,40.8812,nan,nan,nan,nan,28.384096145629883,30.596736907958984,30.596736907958984
922000000001,35.446476,nan,nan,nan,nan,25.032155990600586,32.553977966308594,32.553977966308594
922000000006,21.949284,nan,nan,nan,nan,22.14920997619629,26.510757446289062,26.510757446289062
923000000001,12.542585,nan,nan,nan,nan,20.079004287719727,20.62950325012207,20.62950325012207
923000000005,25.559437,nan,nan,nan,nan,26.262062072753906,27.033647537231445,27.033647537231445
924000000000,24.905245,nan,nan,nan,nan,24.67119598388672,30.367862701416016,30.367862701416016
924000000005,10.085905,nan,nan,nan,nan,26.007301330566406,26.918169021606445,26.918169021606445
