file_id,ftedit_gtmask|structure_distance,ftedit_gtmask|psnr_unedit_part,ftedit_gtmask|lpips_unedit_part,ftedit_gtmask|mse_unedit_part,ftedit_gtmask|ssim_unedit_part,ftedit_gtmask|clip_similarity_source_image,ftedit_gtmask|clip_similarity_target_image,ftedit_gtmask|clip_similarity_target_image_edit_part
000000000000,36.487534,38.25202178955078,3.3499998971819878,1.4955393271520734,96.63920402526855,24.254085540771484,25.78203010559082,25.01382827758789
000000000004,1.9208337,42.09195327758789,3.670189995318651,0.617738114669919,98.39891195297241,27.585750579833984,23.05211639404297,23.140430450439453
000000000009,3.4742591,46.72957229614258,1.3552651507779956,0.21234531232039444,99.65023994445801,26.778465270996094,18.54606819152832,17.525938034057617
000000000014,4.542858,37.68956756591797,10.02005860209465,1.70232800883241,97.6163387298584,19.275184631347656,19.879606246948242,20.490985870361328
000000000018,17.171007,35.89908981323242,6.423115264624357,2.570932556409389,96.98888063430786,26.482135772705078,23.254051208496094,23.680612564086914
000000000023,4.819805,30.014036178588867,18.478576093912125,9.967733640223742,85.77032089233398,25.0826473236084,26.990428924560547,25.51811408996582
000000000028,11.98771,nan,nan,nan,nan,25.335756301879883,23.30702018737793,23.30702018737793
000000000032,1.7942293,36.76283264160156,7.479348219931126,2.1072528033982962,96.63504958152771,21.087308883666992,18.89904022216797,15.397191047668457
000000000037,0.51110274,26.023162841796875,27.76770107448101,24.985247291624546,82.58115649223328,23.927160263061523,23.815975189208984,14.68542194366455
000000000042,3.2325838,38.66878890991211,12.835045345127583,1.358691370114684,96.06849551200867,24.56931495666504,22.136262893676758,22.57289695739746
000000000046,10.138604,nan,nan,nan,nan,25.125455856323242,23.729297637939453,23.729297637939453
000000000051,10.14632,34.63465118408203,16.621826216578484,3.439812280703336,97.15895652770996,28.493249893188477,26.423185348510742,20.230575561523438
000000000056,10.252044,30.446016311645508,11.58013753592968,9.023983147926629,89.95110392570496,29.572147369384766,31.14862823486328,28.260543823242188
000000000060,2.780065,47.01868438720703,1.8379457760602236,0.19866971342707984,99.30457472801208,26.358322143554688,22.449939727783203,23.826078414916992
000000000065,0.2962086,33.27554702758789,14.393752440810204,4.703761951532215,95.1798141002655,23.795291900634766,24.011207580566406,18.38409423828125
000000000070,8.242132,nan,nan,nan,nan,27.19322395324707,27.432668685913086,27.432668685913086
000000000074,7.293719,36.06501007080078,6.572524085640907,2.4745656992308795,96.97093963623047,22.422426223754883,22.99431610107422,24.01129722595215
000000000079,13.306495,nan,nan,nan,nan,25.22629165649414,23.007930755615234,23.007930755615234
000000000084,24.169706,37.682071685791016,5.140608176589012,1.7052690964192152,98.18868041038513,28.826274871826172,27.729368209838867,26.851093292236328
000000000088,0.97240984,24.661945343017578,29.290957376360893,34.1826188378036,70.9645926952362,26.808324813842773,27.03207778930664,20.94266128540039
000000000093,20.070927,41.05439758300781,1.995306694880128,0.7844407082302496,99.42772388458252,23.494312286376953,23.61818504333496,21.770517349243164
000000000098,33.200275,34.37007522583008,9.266901761293411,3.6558843567036092,97.34172821044922,27.847599029541016,24.273868560791016,23.414249420166016
000000000102,29.184599,37.393402099609375,4.46384446695447,1.8224673112854362,98.13987612724304,30.448509216308594,22.32746124267578,23.902219772338867
000000000107,0.5412189,29.38016700744629,18.09828355908394,11.534085497260094,91.34244918823242,23.623403549194336,22.994043350219727,22.58354949951172
000000000112,2.216854,26.100343704223633,26.031266897916794,24.545143824070692,88.12031149864197,28.90278434753418,27.81638526916504,24.7994384765625
000000000116,3.0082612,31.14028549194336,9.765074588358402,7.6907966285943985,95.72372436523438,27.407424926757812,20.973196029663086,12.448691368103027
000000000121,20.26732,nan,nan,nan,nan,31.36351776123047,28.634363174438477,28.634363174438477
000000000126,16.365889,nan,nan,nan,nan,22.226985931396484,18.851051330566406,18.851051330566406
000000000130,7.4951158,38.10939025878906,6.47013820707798,1.5454708773177117,97.83540964126587,29.824501037597656,30.796802520751953,29.90683364868164
000000000135,7.2996674,37.0944938659668,8.35463497787714,1.95231637917459,97.35643267631531,27.799617767333984,26.755374908447266,22.662036895751953
111000000000,31.258173,31.537145614624023,7.752002216875553,7.0191617123782635,91.82667136192322,23.034358978271484,15.117691040039062,14.843897819519043
111000000004,1.3885146,30.971038818359375,7.748589850962162,7.996425847522914,93.69890689849854,32.126346588134766,29.904064178466797,16.837553024291992
111000000009,11.785367,32.772804260253906,10.038687847554684,5.281041958369315,93.39206218719482,24.936857223510742,22.040632247924805,20.844730377197266
112000000004,3.6479282,33.39886474609375,7.409685757011175,4.572073521558195,96.10686302185059,25.950183868408203,23.493263244628906,14.23744010925293
112000000008,2.4907994,35.19504165649414,8.568118326365948,3.0234010773710907,97.1850574016571,30.590932846069336,22.738262176513672,27.2618408203125
113000000003,5.5460024,38.59342956542969,5.502528510987759,1.3824728375766426,97.86254167556763,26.26559829711914,24.9744930267334,23.9075870513916
113000000008,12.345041,29.821609497070312,12.380918487906456,10.41930983774364,92.53265857696533,26.083946228027344,24.937183380126953,19.758493423461914
114000000002,0.37546167,36.57329177856445,8.956537581980228,2.201256575062871,96.75410985946655,26.985586166381836,22.078474044799805,21.274978637695312
114000000007,12.263586,31.113264083862305,11.831819079816341,7.73879699409008,92.33552813529968,26.927757263183594,24.163196563720703,20.86847686767578
121000000002,4.2737203,28.58165740966797,22.366011515259743,13.862265041097999,83.785879611969,23.946714401245117,25.40635108947754,25.18194007873535
121000000007,8.111098,38.01394271850586,5.804070737212896,1.5798119420651346,98.14366102218628,25.938459396362305,24.47157859802246,16.133495330810547
122000000001,2.2089262,33.12026596069336,11.067742481827736,4.874984733760357,96.16164565086365,23.77091407775879,15.5364990234375,14.556178092956543
122000000006,20.593363,33.01458740234375,9.423857554793358,4.9950642278417945,94.36333179473877,29.633272171020508,26.827388763427734,23.972187042236328
123000000001,0.49793518,43.610294342041016,13.993039727210999,0.4354818884166889,98.53620529174805,26.40603256225586,20.941354751586914,16.26191520690918
123000000005,5.625547,30.42066764831543,16.799136996269226,9.076810092665255,90.79134464263916,23.043977737426758,24.86795425415039,22.417522430419922
124000000000,1.407116,37.34206008911133,7.7988337725400925,1.8441391875967383,97.54345417022705,26.313907623291016,22.5484619140625,20.180404663085938
124000000005,0.3022809,32.63089370727539,24.30105209350586,5.456453654915094,89.20113444328308,28.16678810119629,22.551944732666016,22.884767532348633
211000000000,12.060928,39.883914947509766,3.8671812508255243,1.027089892886579,98.43335151672363,27.898239135742188,34.51167297363281,32.258026123046875
211000000004,10.034233,nan,nan,nan,nan,29.888212203979492,31.423181533813477,31.423181533813477
211000000009,10.071335,39.58409118652344,4.5599257573485374,1.1005011765519157,98.69393110275269,32.233619689941406,30.99989891052246,31.139713287353516
212000000004,0.56518894,34.254512786865234,4.508150275796652,3.7544718361459672,98.04217219352722,27.7395076751709,22.574962615966797,12.143914222717285
212000000008,14.673236,nan,nan,nan,nan,18.980731964111328,19.94087028503418,19.94087028503418
213000000003,30.135979,nan,nan,nan,nan,25.329116821289062,28.724822998046875,28.724822998046875
213000000008,7.407657,31.622547149658203,15.245046466588974,6.882481393404305,94.17402744293213,24.974472045898438,24.197092056274414,19.4644832611084
214000000002,13.803784,32.88805389404297,22.896206006407738,5.142737063579261,97.53196239471436,28.13837242126465,27.863840103149414,23.721525192260742
214000000007,18.300444,nan,nan,nan,nan,23.678991317749023,27.87643051147461,27.87643051147461
221000000002,1.5723614,36.72640609741211,9.479518979787827,2.1250023564789444,94.77230310440063,26.683156967163086,29.473840713500977,25.619274139404297
221000000007,25.024689,nan,nan,nan,nan,27.699220657348633,26.875219345092773,26.875219345092773
222000000001,3.4859457,40.11122512817383,4.335539415478706,0.9747137664817274,99.11369681358337,23.354278564453125,23.411256790161133,22.971616744995117
222000000006,1.2217066,38.6787223815918,8.1282714381814,1.3555880286730826,97.86943793296814,17.99535369873047,18.721635818481445,19.473865509033203
223000000001,2.8339725,43.63526153564453,6.104223430156708,0.43298550735926256,99.49593544006348,25.897180557250977,30.906700134277344,29.482423782348633
223000000005,9.539775,nan,nan,nan,nan,21.244783401489258,21.506576538085938,21.506576538085938
224000000000,9.9501915,44.533023834228516,4.086615983396769,0.3521252438076772,99.08112287521362,25.185997009277344,24.121347427368164,23.80462074279785
224000000005,7.201377,42.58625411987305,5.169431213289499,0.5512824645848013,99.26838278770447,27.30318260192871,29.2440242767334,28.480838775634766
311000000000,3.1978865,38.814334869384766,1.847204752266407,1.3139130896888673,98.79263639450073,28.34686279296875,20.717945098876953,10.972518920898438
311000000004,0.1984894,33.448707580566406,5.382292903959751,4.51990170404315,97.0320463180542,32.335941314697266,29.393232345581055,17.28045082092285
311000000009,13.387029,41.9283447265625,6.918452680110931,0.6414534436771646,97.23169207572937,25.653827667236328,26.762113571166992,24.222999572753906
312000000004,0.654119,35.78169631958008,4.951102659106255,2.6413766318000853,97.74035215377808,33.54439163208008,25.292444229125977,15.80174446105957
312000000008,0.14053154,30.636751174926758,10.292178951203823,8.636240963824093,93.01638007164001,25.897621154785156,24.125,12.400989532470703
313000000003,1.1069294,26.151535034179688,23.654364049434662,24.25751881673932,81.34188652038574,24.440221786499023,23.28858757019043,17.766273498535156
313000000008,0.71075636,33.365047454833984,9.866366162896156,4.607815062627196,95.35096883773804,26.677942276000977,26.99842071533203,16.037921905517578
314000000002,1.0242552,37.35670471191406,7.759822998195887,1.837931777117774,97.93095588684082,25.91021728515625,24.826059341430664,18.975526809692383
314000000007,1.4049149,29.94017791748047,20.130135118961334,10.138694196939468,88.4303092956543,22.87525749206543,21.329452514648438,16.46705436706543
321000000002,6.3582025,31.736204147338867,4.33366047218442,6.704701227135956,98.51014018058777,28.56386375427246,29.427871704101562,24.85954475402832
321000000007,13.660303,32.21342468261719,17.877331003546715,6.006998009979725,93.21664571762085,30.77129364013672,16.9714298248291,13.331842422485352
322000000001,0.28096133,37.54017639160156,8.70505254715681,1.7619038408156484,97.07984924316406,24.407901763916016,23.84882354736328,9.134644508361816
322000000006,7.2408953,36.79591369628906,5.1737152971327305,2.0912631589453667,97.86677360534668,26.285850524902344,15.14305591583252,14.143270492553711
323000000001,0.46105495,33.87491989135742,11.668913066387177,4.097396449651569,94.54364776611328,31.299745559692383,30.3886775970459,8.293126106262207
323000000005,7.041763,30.157503128051758,13.032614253461361,9.643828379921615,94.94432210922241,25.02486801147461,26.971765518188477,28.015735626220703
324000000000,13.515325,38.80568313598633,6.32241927087307,1.3165330165065825,96.50644063949585,29.483165740966797,19.064517974853516,19.832664489746094
324000000005,0.18859832,29.3247013092041,16.22166484594345,11.682339245453477,92.1662986278534,29.44573974609375,29.901212692260742,15.589241981506348
411000000000,0.636194,32.20192337036133,5.387032404541969,6.022927118465304,96.80125117301941,30.818017959594727,30.95928955078125,21.79231834411621
411000000004,7.9167037,32.961212158203125,7.847649045288563,5.056833615526557,95.15106678009033,32.44638442993164,26.4794921875,19.481809616088867
412000000003,0.2077588,37.30622863769531,11.493048630654812,1.8594170978758484,94.79749202728271,25.79702377319336,27.94127082824707,21.896961212158203
413000000003,2.4568887,32.668235778808594,9.448343887925148,5.409737932495773,93.94065737724304,29.29642105102539,22.375980377197266,17.40042495727539
414000000002,10.048297,33.508697509765625,4.156370647251606,4.457898030523211,98.0418860912323,27.00579833984375,26.836103439331055,22.620323181152344
421000000002,6.1695914,38.02914047241211,7.506440859287977,1.574294437887147,97.82443046569824,27.968469619750977,24.670976638793945,24.76900863647461
422000000001,0.60352474,36.65647506713867,7.584044244140387,2.159495052183047,96.75981402397156,25.542842864990234,22.215579986572266,22.22983741760254
423000000001,1.2712085,28.54672622680664,14.06392827630043,13.97421583533287,86.46778464317322,30.232746124267578,29.462696075439453,24.38776397705078
424000000000,25.50076,29.403656005859375,20.076001062989235,11.471867328509688,90.75193405151367,24.0800838470459,22.485279083251953,21.25119400024414
511000000000,0.7977017,41.52690124511719,0.7332289242185652,0.7035734597593546,99.86991882324219,25.67310333251953,20.636947631835938,21.09547233581543
511000000004,6.394084,28.863759994506836,14.170162379741669,12.990442337468266,89.02946710586548,26.124969482421875,26.71596336364746,20.408884048461914
512000000003,0.37922,31.390037536621094,17.493009567260742,7.260993588715792,91.5624737739563,26.121341705322266,26.044288635253906,18.104551315307617
513000000003,0.4351651,34.34429931640625,8.807050995528698,3.6776464548893273,95.07781863212585,29.453468322753906,27.76346778869629,9.881641387939453
514000000002,4.154473,22.992029190063477,30.324621126055717,50.21076649427414,78.61717939376831,31.74614906311035,31.37264633178711,22.157939910888672
521000000002,5.519364,33.6411247253418,11.060787364840508,4.324018955230713,95.17166018486023,26.390853881835938,26.578012466430664,25.791675567626953
522000000001,0.28601542,30.036643981933594,22.50114269554615,9.915978880599141,89.02527689933777,28.718433380126953,29.36611557006836,14.953536033630371
523000000001,10.418304,34.72367477416992,3.3942656591534615,3.3700166386552155,97.67497777938843,29.70280647277832,28.509252548217773,26.14849853515625
524000000000,14.70842,nan,nan,nan,nan,23.603721618652344,24.878503799438477,24.878503799438477
611000000000,29.10955,39.11628723144531,6.3939932733774185,1.2256622721906751,98.16169738769531,23.634122848510742,22.547191619873047,15.241551399230957
611000000004,36.2201,31.235815048217773,46.248070895671844,7.5234705582261086,95.57914733886719,31.309154510498047,30.348495483398438,22.38365364074707
612000000003,3.7315307,31.971477508544922,12.737556360661983,6.3511444022879004,96.4612364768982,30.59217643737793,26.323986053466797,20.008424758911133
613000000003,10.966671,33.631107330322266,10.46712975949049,4.3340015690773726,94.70269680023193,24.854360580444336,23.41575050354004,25.23849105834961
614000000002,4.2854877,44.53485870361328,4.181709606200457,0.3519765959936194,99.29744601249695,20.62757682800293,20.661672592163086,21.567367553710938
621000000002,2.8767757,36.86954116821289,5.857028532773256,2.0561071869451553,97.82474040985107,23.108123779296875,22.041915893554688,20.954877853393555
622000000001,1.7756637,29.29352378845215,21.560247987508774,11.766506358981133,91.56279563903809,23.359045028686523,20.58778953552246,16.521528244018555
623000000001,1.2403502,35.011165618896484,13.078844174742699,3.154158766847104,93.83957386016846,26.06874656677246,25.85373878479004,24.723281860351562
624000000000,8.053459,33.81596374511719,14.96647484600544,4.15339571190998,97.25641012191772,23.12819480895996,23.798585891723633,25.774919509887695
711000000000,7.1587987,39.720455169677734,1.4413336757570505,1.066483455360867,99.82582926750183,24.531042098999023,23.507219314575195,21.61336898803711
711000000004,3.049541,43.40331268310547,4.988846834748983,0.45673961722059175,99.1693377494812,24.09305191040039,21.889406204223633,21.854167938232422
712000000003,2.8804483,37.382423400878906,8.750583976507187,1.8270796863362193,97.45378494262695,27.619487762451172,27.54279327392578,30.20482063293457
713000000003,4.3141003,31.876646041870117,17.21680909395218,6.4913538517430425,92.84094572067261,22.816511154174805,26.379663467407227,21.944746017456055
714000000002,0.90298814,31.908763885498047,16.53621904551983,6.443525198847055,93.37090849876404,28.545677185058594,27.360183715820312,20.991846084594727
721000000002,12.789497,32.15822219848633,13.17070797085762,6.083838525228202,94.13224458694458,28.330469131469727,28.406787872314453,25.856252670288086
722000000001,4.403714,40.29230880737305,2.527291188016534,0.9349088213639334,99.14345741271973,20.62944793701172,12.882895469665527,11.738438606262207
723000000001,2.0002835,32.49052047729492,12.376564554870129,5.63570240046829,94.456946849823,24.87190055847168,24.440656661987305,14.418119430541992
724000000000,9.348087,40.487449645996094,6.394048221409321,0.8938296377891675,99.1862952709198,24.01203155517578,26.417964935302734,25.042768478393555
811000000000,0.43874288,35.16794204711914,4.881998058408499,3.042326425202191,97.52949476242065,22.558290481567383,19.05446434020996,10.523538589477539
811000000004,27.50104,31.986629486083984,8.560463786125183,6.329027819447219,96.05599641799927,30.465423583984375,29.057798385620117,27.72412872314453
811000000009,5.341188,29.174659729003906,10.727597400546074,12.092997785657644,96.34897112846375,26.628376007080078,26.522123336791992,18.474048614501953
812000000004,1.6192491,34.1782112121582,9.414004161953926,3.8210139609873295,95.98112106323242,23.246715545654297,19.92522430419922,16.24378204345703
812000000008,23.981577,33.61769104003906,8.4106819704175,4.34741290519014,97.23232984542847,21.43265151977539,25.04008674621582,21.862764358520508
813000000003,92.387634,35.80398941040039,7.126052398234606,2.627851499710232,94.80777978897095,23.20154571533203,24.707120895385742,24.843374252319336
813000000008,12.891443,35.8955192565918,3.6797143984586,2.5730481138452888,96.45065665245056,27.096891403198242,25.06014633178711,20.008434295654297
814000000002,1.4255515,50.32438278198242,3.7462818436324596,0.09280288395530079,99.74159002304077,26.461748123168945,25.1638240814209,23.54607391357422
814000000007,0.5009175,35.352195739746094,6.2187351286411285,2.9159500263631344,96.27231359481812,25.414852142333984,20.713794708251953,20.056232452392578
821000000002,36.791443,nan,nan,nan,nan,24.20464515686035,23.133359909057617,23.133359909057617
821000000007,7.2555776,32.01866912841797,10.43953187763691,6.2825094209983945,95.83787322044373,25.934499740600586,26.165279388427734,22.776710510253906
822000000001,4.1101627,31.66451072692871,11.560358107089996,6.8163033574819565,93.85544061660767,28.7869930267334,29.256460189819336,25.6534481048584
822000000006,9.16772,34.76552963256836,6.505933590233326,3.33769858116284,96.90287113189697,20.71031379699707,19.708343505859375,27.68121910095215
823000000001,17.369322,28.73767852783203,11.151362210512161,13.37309367954731,89.57667350769043,25.536043167114258,26.093969345092773,23.987281799316406
823000000005,49.208878,26.16807746887207,15.46318270266056,24.165299255400896,91.55194163322449,24.226858139038086,22.842805862426758,19.628522872924805
824000000000,9.876113,37.87068176269531,7.41905253380537,1.6327951743733138,97.89943099021912,20.871505737304688,19.796920776367188,21.821746826171875
824000000005,8.272309,35.14203643798828,3.8667330518364906,3.0605282518081367,98.18536639213562,28.45729637145996,24.344066619873047,21.117855072021484
911000000000,17.875711,nan,nan,nan,nan,27.278310775756836,29.12981414794922,29.12981414794922
911000000004,5.95676,nan,nan,nan,nan,25.435728073120117,28.407896041870117,28.407896041870117
911000000009,7.8730106,nan,nan,nan,nan,24.25992202758789,27.438312530517578,27.438312530517578
912000000004,10.961604,nan,nan,nan,nan,27.654569625854492,23.622304916381836,23.622304916381836
912000000008,30.550943,nan,nan,nan,nan,24.912675857543945,30.238718032836914,30.238718032836914
913000000003,22.090376,nan,nan,nan,nan,19.77992820739746,22.29454803466797,22.29454803466797
913000000008,19.843252,nan,nan,nan,nan,27.44658660888672,28.381690979003906,28.381690979003906
914000000002,8.855152,nan,nan,nan,nan,24.19037437438965,26.85334014892578,26.85334014892578
914000000007,20.919807,nan,nan,nan,nan,24.09084701538086,25.358623504638672,25.358623504638672
921000000002,24.783878,nan,nan,nan,nan,33.42213439941406,33.494415283203125,33.494415283203125
921000000007,14.84536,nan,nan,nan,nan,28.384096145629883,24.270517349243164,24.270517349243164
922000000001,25.928875,nan,nan,nan,nan,25.032155990600586,21.52530288696289,21.52530288696289
922000000006,9.5022335,nan,nan,nan,nan,22.14920997619629,19.527130126953125,19.527130126953125
923000000001,11.95003,nan,nan,nan,nan,20.079004287719727,16.90898895263672,16.90898895263672
923000000005,17.775095,nan,nan,nan,nan,26.262062072753906,22.751144409179688,22.751144409179688
924000000000,14.214051,nan,nan,nan,nan,24.67119598388672,19.838821411132812,19.838821411132812
924000000005,5.4680276,nan,nan,nan,nan,26.007301330566406,26.414596557617188,26.414596557617188
