file_id,ftedit_nomask|structure_distance,ftedit_nomask|psnr_unedit_part,ftedit_nomask|lpips_unedit_part,ftedit_nomask|mse_unedit_part,ftedit_nomask|ssim_unedit_part,ftedit_nomask|clip_similarity_source_image,ftedit_nomask|clip_similarity_target_image,ftedit_nomask|clip_similarity_target_image_edit_part
000000000000,39.192177,25.6643123626709,33.77867490053177,27.137419674545527,93.15985441207886,24.254085540771484,25.891197204589844,25.82884979248047
000000000004,10.958286,28.552881240844727,43.78616437315941,13.954425230622292,94.78685855865479,27.585750579833984,19.761449813842773,22.5765323638916
000000000009,4.078231,38.68472671508789,9.95225552469492,1.3537146151065826,99.34910535812378,26.778465270996094,18.23784065246582,17.60957908630371
000000000014,23.790295,24.9450626373291,58.48173797130585,32.02533582225442,88.53777647018433,19.275184631347656,21.224607467651367,20.144554138183594
000000000018,42.045467,19.223424911499023,144.80909705162048,119.57968585193157,81.78490400314331,26.482135772705078,22.454660415649414,24.69805145263672
000000000023,16.375696,23.4926700592041,75.4196047782898,44.743786565959454,79.7109603881836,25.0826473236084,26.071813583374023,24.444618225097656
000000000028,11.98771,nan,nan,nan,nan,25.335756301879883,23.30702018737793,23.30702018737793
000000000032,12.347798,26.22136878967285,78.83848249912262,23.8705868832767,89.3943190574646,21.087308883666992,17.571073532104492,18.130939483642578
000000000037,6.6849837,20.945955276489258,130.93960285186768,80.42745292186737,78.04077863693237,23.927160263061523,23.394725799560547,14.666165351867676
000000000042,17.366066,23.650270462036133,114.70784991979599,43.149213306605816,88.07308077812195,24.56931495666504,26.86009407043457,23.613496780395508
000000000046,10.138604,nan,nan,nan,nan,25.125455856323242,23.729297637939453,23.729297637939453
000000000051,37.579773,22.388126373291016,80.47768473625183,57.70152434706688,85.50585508346558,28.493249893188477,27.43821144104004,19.53626823425293
000000000056,17.540367,20.776805877685547,70.13710588216782,83.62177759408951,85.69669723510742,29.572147369384766,32.81758499145508,26.66543960571289
000000000060,10.993448,30.420589447021484,16.626596450805664,9.07696841750294,95.8617091178894,26.358322143554688,21.991548538208008,23.069679260253906
000000000065,6.6301455,25.918245315551758,94.8953777551651,25.59618791565299,91.39900207519531,23.795291900634766,23.661989212036133,18.072063446044922
000000000070,8.242132,nan,nan,nan,nan,27.19322395324707,27.432668685913086,27.432668685913086
000000000074,11.221639,30.336383819580078,26.2991264462471,9.254681062884629,94.40432786941528,22.422426223754883,23.271974563598633,23.771242141723633
000000000079,13.306495,nan,nan,nan,nan,25.22629165649414,23.007930755615234,23.007930755615234
000000000084,33.096786,22.685237884521484,114.70869928598404,53.88604011386633,92.94278621673584,28.826274871826172,29.07242774963379,26.283159255981445
000000000088,24.139597,17.758325576782227,177.09290981292725,167.55880787968636,56.210148334503174,26.808324813842773,28.991472244262695,18.562198638916016
000000000093,23.670132,24.803232192993164,45.27631402015686,33.088482450693846,96.38856649398804,23.494312286376953,23.613388061523438,22.638671875
000000000098,38.033188,31.024913787841797,20.217761397361755,7.897845352999866,95.99545001983643,27.847599029541016,24.556779861450195,23.347745895385742
000000000102,40.459045,25.52092170715332,25.21533891558647,28.048381209373474,95.46074867248535,30.448509216308594,23.710102081298828,24.228206634521484
000000000107,16.49839,19.829893112182617,148.55340123176575,103.99455204606056,80.73868751525879,23.623403549194336,22.86098289489746,21.108999252319336
000000000112,12.412494,19.868619918823242,134.6307396888733,103.07134129106998,78.54827642440796,28.90278434753418,28.67322540283203,26.604610443115234
000000000116,22.946476,20.204456329345703,97.7872982621193,95.40127590298653,86.76413893699646,27.407424926757812,21.563846588134766,13.924251556396484
000000000121,20.26732,nan,nan,nan,nan,31.36351776123047,28.634363174438477,28.634363174438477
000000000126,16.365889,nan,nan,nan,nan,22.226985931396484,18.851051330566406,18.851051330566406
000000000130,26.450823,21.049524307250977,83.65195244550705,78.53214628994465,88.75058889389038,29.824501037597656,31.333845138549805,29.494220733642578
000000000135,15.183327,25.049623489379883,93.93302351236343,31.26349998638034,91.58601760864258,27.799617767333984,27.951204299926758,22.1773738861084
111000000000,47.831783,21.576738357543945,71.68178260326385,69.5546343922615,82.91327357292175,23.034358978271484,14.356231689453125,14.728872299194336
111000000004,8.085109,20.546297073364258,68.03538650274277,88.18003349006176,82.95507431030273,32.126346588134766,30.514347076416016,14.990652084350586
111000000009,20.799316,22.266687393188477,83.6898535490036,59.33777894824743,87.11116313934326,24.936857223510742,24.267587661743164,19.902172088623047
112000000004,11.184939,21.9676513671875,100.94745457172394,63.56744561344385,86.80253028869629,25.950183868408203,25.68852996826172,15.878704071044922
112000000008,6.050468,27.694366455078125,31.78231418132782,17.004469409585,94.923996925354,30.590932846069336,24.48955726623535,26.777618408203125
113000000003,12.234269,24.805130004882812,61.541326344013214,33.07401202619076,93.30229759216309,26.26559829711914,26.366323471069336,23.079448699951172
113000000008,20.1845,21.689544677734375,100.16834735870361,67.77122616767883,84.42038297653198,26.083946228027344,22.025785446166992,16.664382934570312
114000000002,12.427442,19.477676391601562,133.97879898548126,112.780025228858,84.1324508190155,26.985586166381836,22.85557746887207,21.046850204467773
114000000007,28.832775,20.5125732421875,78.84515076875687,88.86742405593395,86.6610050201416,26.927757263183594,24.755083084106445,20.63236427307129
121000000002,17.374823,22.340673446655273,155.2135944366455,58.335461653769016,79.49469089508057,23.946714401245117,25.761789321899414,24.942562103271484
121000000007,29.018888,21.93766975402832,88.57322484254837,64.00780286639929,89.37945365905762,25.938459396362305,24.5700740814209,14.9520902633667
122000000001,32.54486,19.407485961914062,166.03852808475494,114.6175991743803,69.83439326286316,23.77091407775879,17.204505920410156,14.636458396911621
122000000006,29.849907,23.637495040893555,87.93649077415466,43.27632486820221,88.19345235824585,29.633272171020508,26.38022232055664,23.73921012878418
123000000001,47.58069,23.91128158569336,151.825949549675,40.63232336193323,86.67205572128296,26.40603256225586,25.937562942504883,19.271324157714844
123000000005,46.009636,20.910446166992188,130.03434240818024,81.08776994049549,78.23994159698486,23.043977737426758,24.913991928100586,23.11658477783203
124000000000,23.348745,24.373933792114258,120.52643299102783,36.52635728940368,87.44233846664429,26.313907623291016,22.3197078704834,19.966232299804688
124000000005,8.711469,25.533987045288086,105.51284998655319,27.964122127741575,80.91256022453308,28.16678810119629,22.07746696472168,23.189363479614258
211000000000,17.993063,24.421592712402344,29.33533303439617,36.127741914242506,93.39313507080078,27.898239135742188,34.64618682861328,32.88233947753906
211000000004,10.034233,nan,nan,nan,nan,29.888212203979492,31.423181533813477,31.423181533813477
211000000009,20.578033,27.003429412841797,37.59275749325752,19.936866592615843,91.39782190322876,32.233619689941406,31.80743980407715,31.950634002685547
212000000004,6.5913916,21.275270462036133,35.67890077829361,74.55431390553713,93.16467046737671,27.7395076751709,25.529407501220703,11.43472957611084
212000000008,14.673236,nan,nan,nan,nan,18.980731964111328,19.94087028503418,19.94087028503418
213000000003,30.135979,nan,nan,nan,nan,25.329116821289062,28.724822998046875,28.724822998046875
213000000008,19.91063,21.224809646606445,133.2840472459793,75.42564067989588,80.0500750541687,24.974472045898438,28.3762149810791,18.579866409301758
214000000002,19.166029,28.559873580932617,39.27640616893768,13.931971043348312,96.46338224411011,28.13837242126465,27.71710205078125,22.936492919921875
214000000007,18.300444,nan,nan,nan,nan,23.678991317749023,27.87643051147461,27.87643051147461
221000000002,10.238399,21.98890495300293,105.86311668157578,63.257128931581974,87.83665895462036,26.683156967163086,29.10801124572754,21.806474685668945
221000000007,25.024689,nan,nan,nan,nan,27.699220657348633,26.875219345092773,26.875219345092773
222000000001,18.0431,21.705720901489258,105.53764551877975,67.51928478479385,90.20429849624634,23.354278564453125,23.532691955566406,22.008060455322266
222000000006,18.848862,22.1220703125,99.37819838523865,61.346921138465405,85.49484014511108,17.99535369873047,16.486610412597656,20.85929298400879
223000000001,9.223804,24.807388305664062,106.80840164422989,33.05682213976979,95.2420175075531,25.897180557250977,33.193023681640625,23.1176815032959
223000000005,9.539775,nan,nan,nan,nan,21.244783401489258,21.506576538085938,21.506576538085938
224000000000,14.3547535,30.356063842773438,30.573558062314987,9.212838485836983,95.97886800765991,25.185997009277344,23.056581497192383,23.19454002380371
224000000005,9.118492,28.79776382446289,24.86336976289749,13.189351884648204,97.25723266601562,27.30318260192871,32.01917266845703,29.8579044342041
311000000000,17.605984,19.984413146972656,39.90824520587921,100.35949759185314,93.54032278060913,28.34686279296875,20.371376037597656,11.741415977478027
311000000004,11.636749,18.88724708557129,83.23007822036743,129.2038056999445,88.72808814048767,32.335941314697266,30.780723571777344,18.696229934692383
311000000009,38.422825,23.277956008911133,37.28253394365311,47.01151046901941,90.13128280639648,25.653827667236328,26.223695755004883,23.25690269470215
312000000004,6.032851,22.974369049072266,58.50161612033844,50.41535943746567,91.80638790130615,33.54439163208008,25.6490478515625,16.540321350097656
312000000008,33.136024,15.181407928466797,246.8099296092987,303.2907284796238,63.13290596008301,25.897621154785156,24.276363372802734,14.3233060836792
313000000003,26.830608,16.90595817565918,197.48654961585999,203.89383658766747,60.676103830337524,24.440221786499023,24.259632110595703,17.747486114501953
313000000008,52.62491,19.411922454833984,158.83882343769073,114.50055986642838,80.92764616012573,26.677942276000977,26.741823196411133,11.288366317749023
314000000002,39.803364,22.2875919342041,154.4807106256485,59.05284080654383,88.72968554496765,25.91021728515625,25.616609573364258,19.036514282226562
314000000007,16.01557,19.67513656616211,127.15017795562744,107.7671255916357,76.7318606376648,22.87525749206543,26.094013214111328,17.629650115966797
321000000002,6.517857,28.312114715576172,9.295253083109856,14.749878318980336,97.72909879684448,28.56386375427246,29.43521499633789,25.135225296020508
321000000007,23.209425,22.157888412475586,111.77004873752594,60.843066312372684,84.22051668167114,30.77129364013672,19.61769676208496,12.241207122802734
322000000001,9.002747,23.8565673828125,58.09911713004112,41.14746581763029,91.29113554954529,24.407901763916016,23.862977981567383,9.241061210632324
322000000006,9.669893,28.239076614379883,27.560919523239136,15.000035054981709,95.37984728813171,26.285850524902344,14.286199569702148,12.863737106323242
323000000001,28.60892,19.51984214782715,211.373433470726,111.69037781655788,77.82766819000244,31.299745559692383,29.942209243774414,13.069921493530273
323000000005,14.963838,22.98688316345215,62.70137429237366,50.27030594646931,88.00168037414551,25.02486801147461,27.165800094604492,28.45623207092285
324000000000,25.720776,23.254661560058594,152.62995660305023,47.26435523480177,87.96191215515137,29.483165740966797,20.7309513092041,19.662883758544922
324000000005,6.6802855,26.02884864807129,70.78269869089127,24.952555540949106,88.26340436935425,29.44573974609375,30.839872360229492,17.120412826538086
411000000000,13.10075,17.670894622802734,105.74446618556976,170.96633091568947,82.98193216323853,30.818017959594727,31.157869338989258,20.820178985595703
411000000004,23.362015,20.477094650268555,94.33651715517044,89.59637023508549,80.98599314689636,32.44638442993164,27.464338302612305,19.617176055908203
412000000003,44.493164,19.971410751342773,159.86287593841553,100.66044516861439,76.80400609970093,25.79702377319336,29.53695297241211,18.811206817626953
413000000003,11.383323,23.478944778442383,86.67514473199844,44.88543141633272,83.74616503715515,29.29642105102539,20.87261199951172,17.873720169067383
414000000002,17.29715,30.4752197265625,9.802468121051788,8.963506552390754,96.82830572128296,27.00579833984375,25.425029754638672,21.730327606201172
421000000002,57.20616,25.02852439880371,59.06325578689575,31.41575725749135,90.43644666671753,27.968469619750977,24.892934799194336,24.738662719726562
422000000001,9.894548,23.93144416809082,76.37092471122742,40.444121696054935,89.97318148612976,25.542842864990234,22.987478256225586,23.073259353637695
423000000001,21.887184,17.876724243164062,161.09530627727509,163.05247321724892,70.2645480632782,30.232746124267578,29.544809341430664,25.20410919189453
424000000000,34.584637,25.7470760345459,45.727938413619995,26.625171303749084,90.53930640220642,24.0800838470459,22.430742263793945,21.989540100097656
511000000000,4.046324,29.18010139465332,99.41068291664124,12.07785215228796,98.441481590271,25.67310333251953,24.993852615356445,22.359243392944336
511000000004,23.32596,18.70036506652832,97.31263667345047,134.88493859767914,75.96163153648376,26.124969482421875,26.373157501220703,23.567245483398438
512000000003,11.430921,24.33192253112793,107.10391402244568,36.88141470775008,82.95270800590515,26.121341705322266,25.436491012573242,18.56223487854004
513000000003,23.690105,21.02187728881836,168.1981235742569,79.03366349637508,79.29229736328125,29.453468322753906,28.91658592224121,10.5040864944458
514000000002,14.416534,17.30489158630371,119.41032856702805,185.9990693628788,67.15735793113708,31.74614906311035,31.303300857543945,21.626733779907227
521000000002,17.852945,24.692228317260742,109.75271463394165,33.94509432837367,88.01727294921875,26.390853881835938,25.203413009643555,26.334077835083008
522000000001,20.727146,21.87409782409668,196.6976523399353,64.9516424164176,76.42285227775574,28.718433380126953,28.489376068115234,9.716646194458008
523000000001,11.174657,27.91445541381836,18.123291432857513,16.164202243089676,94.40361857414246,29.70280647277832,28.12570571899414,28.515127182006836
524000000000,14.70842,nan,nan,nan,nan,23.603721618652344,24.878503799438477,24.878503799438477
611000000000,34.02396,23.954801559448242,54.91437762975693,40.22718872874975,90.15315771102905,23.634122848510742,21.9667911529541,14.3872709274292
611000000004,46.185177,27.494108200073242,67.5736665725708,17.80692837201059,91.57370328903198,31.309154510498047,30.3399658203125,22.71027183532715
612000000003,23.135374,19.326868057250977,100.30243545770645,116.76511727273464,86.51995658874512,30.59217643737793,28.236072540283203,21.124324798583984
613000000003,15.906319,28.87066650390625,68.84481012821198,12.969794915989041,88.8211190700531,24.854360580444336,23.7784481048584,25.836204528808594
614000000002,4.4330664,27.76325798034668,119.21697109937668,16.73686201684177,96.42435908317566,20.62757682800293,20.223262786865234,21.366718292236328
621000000002,7.5342298,23.436687469482422,58.377571403980255,45.32430320978165,94.62510943412781,23.108123779296875,23.801380157470703,23.432085037231445
622000000001,7.952776,21.87010955810547,92.39374101161957,65.01130759716034,81.35894536972046,23.359045028686523,23.644176483154297,16.9656982421875
623000000001,21.038403,21.579805374145508,152.75226533412933,69.50552109628916,84.73327159881592,26.06874656677246,27.34507942199707,23.596609115600586
624000000000,14.306876,28.696510314941406,31.488288193941116,13.500467175617814,95.16630172729492,23.12819480895996,23.663408279418945,25.860013961791992
711000000000,8.847604,27.24030876159668,15.409696847200394,18.8785616774112,98.58076572418213,24.531042098999023,24.126955032348633,21.990055084228516
711000000004,7.0954437,29.3933048248291,32.95531868934631,11.499248212203383,96.55990600585938,24.09305191040039,24.133319854736328,21.593042373657227
712000000003,24.51696,24.129905700683594,115.77266454696655,38.637511897832155,88.01068067550659,27.619487762451172,29.573848724365234,26.993284225463867
713000000003,34.92803,18.913583755493164,194.3526417016983,128.4226030111313,73.58683347702026,22.816511154174805,22.703739166259766,20.683351516723633
714000000002,17.108465,23.248886108398438,100.43174773454666,47.32723347842693,84.64354872703552,28.545677185058594,27.339862823486328,21.27080535888672
721000000002,12.367562,23.090534210205078,84.04324948787689,49.08474162220955,87.78791427612305,28.330469131469727,28.7081356048584,26.394987106323242
722000000001,5.8678613,28.27303695678711,25.256268680095673,14.883200637996197,96.7447280883789,20.62944793701172,12.427878379821777,11.552417755126953
723000000001,13.170691,21.42464256286621,137.7946436405182,72.03368470072746,83.32058787345886,24.87190055847168,25.71508026123047,15.270959854125977
724000000000,56.27888,21.652385711669922,106.9197729229927,68.35357751697302,90.3968095779419,24.01203155517578,23.979877471923828,23.61627197265625
811000000000,3.4861875,24.008949279785156,44.47074607014656,39.72876351326704,92.28819608688354,22.558290481567383,19.053449630737305,12.02107048034668
811000000004,29.410429,21.7485294342041,39.841994643211365,66.85698870569468,87.64914274215698,30.465423583984375,29.339963912963867,27.918174743652344
811000000009,14.394293,20.462697982788086,40.68702831864357,89.89387191832066,88.61156702041626,26.628376007080078,26.6850643157959,19.02851104736328
812000000004,11.781524,23.856830596923828,93.0439829826355,41.14498384296894,86.98711395263672,23.246715545654297,21.055479049682617,18.256633758544922
812000000008,35.840065,25.68848419189453,35.92585772275925,26.986803859472275,93.38666796684265,21.43265151977539,30.448001861572266,24.191097259521484
813000000003,83.23694,25.999753952026367,87.30413764715195,25.120286736637354,87.05587387084961,23.20154571533203,24.83228874206543,24.56464385986328
813000000008,34.34962,21.602357864379883,92.96657145023346,69.14554629474878,83.47407579421997,27.096891403198242,26.121580123901367,19.922565460205078
814000000002,119.328865,33.725223541259766,35.47755256295204,4.241089336574078,95.0943648815155,26.461748123168945,23.978084564208984,23.89288902282715
814000000007,13.815356,20.23237419128418,122.19221889972687,94.78996507823467,86.17814779281616,25.414852142333984,26.91866683959961,21.049854278564453
821000000002,36.791443,nan,nan,nan,nan,24.20464515686035,23.133359909057617,23.133359909057617
821000000007,9.932322,25.220531463623047,49.25472289323807,30.05707636475563,91.27294421195984,25.934499740600586,26.503145217895508,23.487476348876953
822000000001,8.706269,25.865158081054688,49.17914792895317,25.91098891571164,88.23100924491882,28.7869930267334,29.406225204467773,26.1146183013916
822000000006,12.555513,28.798751831054688,41.33963584899902,13.18635419011116,93.81729364395142,20.71031379699707,20.298751831054688,29.550045013427734
823000000001,20.694548,24.12147331237793,57.96116590499878,38.71262073516846,83.73751640319824,25.536043167114258,26.802343368530273,24.110754013061523
823000000005,53.24262,20.6937255859375,85.16872674226761,85.23687720298767,83.37370753288269,24.226858139038086,23.972362518310547,17.732772827148438
824000000000,32.973236,22.34293556213379,124.54812228679657,58.30506328493357,89.03950452804565,20.871505737304688,21.134639739990234,22.56736946105957
824000000005,94.86186,22.009830474853516,82.5338140130043,62.953042797744274,90.60921669006348,28.45729637145996,20.654338836669922,21.096792221069336
911000000000,17.875711,nan,nan,nan,nan,27.278310775756836,29.12981414794922,29.12981414794922
911000000004,5.95676,nan,nan,nan,nan,25.435728073120117,28.407896041870117,28.407896041870117
911000000009,7.8730106,nan,nan,nan,nan,24.25992202758789,27.438312530517578,27.438312530517578
912000000004,10.961604,nan,nan,nan,nan,27.654569625854492,23.622304916381836,23.622304916381836
912000000008,30.550943,nan,nan,nan,nan,24.912675857543945,30.238718032836914,30.238718032836914
913000000003,22.090376,nan,nan,nan,nan,19.77992820739746,22.29454803466797,22.29454803466797
913000000008,19.843252,nan,nan,nan,nan,27.44658660888672,28.381690979003906,28.381690979003906
914000000002,8.855152,nan,nan,nan,nan,24.19037437438965,26.85334014892578,26.85334014892578
914000000007,20.919807,nan,nan,nan,nan,24.09084701538086,25.358623504638672,25.358623504638672
921000000002,24.783878,nan,nan,nan,nan,33.42213439941406,33.494415283203125,33.494415283203125
921000000007,14.84536,nan,nan,nan,nan,28.384096145629883,24.270517349243164,24.270517349243164
922000000001,25.928875,nan,nan,nan,nan,25.032155990600586,21.52530288696289,21.52530288696289
922000000006,9.5022335,nan,nan,nan,nan,22.14920997619629,19.527130126953125,19.527130126953125
923000000001,11.95003,nan,nan,nan,nan,20.079004287719727,16.90898895263672,16.90898895263672
923000000005,17.775095,nan,nan,nan,nan,26.262062072753906,22.751144409179688,22.751144409179688
924000000000,14.214051,nan,nan,nan,nan,24.67119598388672,19.838821411132812,19.838821411132812
924000000005,5.4680276,nan,nan,nan,nan,26.007301330566406,26.414596557617188,26.414596557617188
