file_id,ftedit_pixpaste|structure_distance,ftedit_pixpaste|psnr_unedit_part,ftedit_pixpaste|lpips_unedit_part,ftedit_pixpaste|mse_unedit_part,ftedit_pixpaste|ssim_unedit_part,ftedit_pixpaste|clip_similarity_source_image,ftedit_pixpaste|clip_similarity_target_image,ftedit_pixpaste|clip_similarity_target_image_edit_part
000000000000,35.622757,inf,0.0,0.0,100.0,24.254085540771484,27.03670310974121,25.82884979248047
000000000004,7.21929,inf,0.0,0.0,100.0,27.585750579833984,22.610708236694336,22.5765323638916
000000000009,3.8975956,inf,0.0,0.0,99.99228715896606,26.778465270996094,17.98271942138672,17.60957908630371
000000000014,6.223476,inf,0.0,0.0,99.99999403953552,19.275184631347656,18.189085006713867,20.144554138183594
000000000018,19.518967,inf,0.0,0.0,99.99994039535522,26.482135772705078,23.030677795410156,24.69805145263672
000000000023,6.6890774,inf,0.0,0.0,99.99994039535522,25.0826473236084,26.62595558166504,24.444618225097656
000000000028,11.98771,nan,nan,nan,nan,25.335756301879883,23.30702018737793,23.30702018737793
000000000032,2.4970758,inf,0.0,0.0,100.0,21.087308883666992,17.7888240814209,18.130939483642578
000000000037,0.45022285,inf,0.0,0.0,99.99980926513672,23.927160263061523,22.634666442871094,14.666165351867676
000000000042,4.9123983,inf,0.0,0.0,100.0,24.56931495666504,21.561458587646484,23.613496780395508
000000000046,10.138604,nan,nan,nan,nan,25.125455856323242,23.729297637939453,23.729297637939453
000000000051,12.849592,inf,0.0,0.0,100.0,28.493249893188477,27.27252197265625,19.53626823425293
000000000056,8.568282,inf,0.0,0.0,100.0,29.572147369384766,31.31905174255371,26.66543960571289
000000000060,2.7317865,inf,0.0,0.0,100.0,26.358322143554688,23.506296157836914,23.069679260253906
000000000065,0.79517,inf,0.0,0.0,100.0,23.795291900634766,23.437419891357422,18.072063446044922
000000000070,8.242132,nan,nan,nan,nan,27.19322395324707,27.432668685913086,27.432668685913086
000000000074,8.331134,inf,0.0,0.0,100.0,22.422426223754883,22.753009796142578,23.771242141723633
000000000079,13.306495,nan,nan,nan,nan,25.22629165649414,23.007930755615234,23.007930755615234
000000000084,25.048601,inf,0.0,0.0,100.0,28.826274871826172,27.852197647094727,26.283159255981445
000000000088,0.7725858,inf,0.0,0.0,100.0,26.808324813842773,26.068889617919922,18.562198638916016
000000000093,22.243147,inf,0.0,0.0,99.9982237815857,23.494312286376953,23.383676528930664,22.638671875
000000000098,33.70759,inf,0.0,0.0,100.0,27.847599029541016,24.422800064086914,23.347745895385742
000000000102,35.48187,inf,0.0,0.0,100.0,30.448509216308594,22.706501007080078,24.228206634521484
000000000107,0.9437507,inf,0.0,0.0,99.99811053276062,23.623403549194336,21.63214111328125,21.108999252319336
000000000112,2.2582948,inf,0.0,0.0,100.0,28.90278434753418,29.715728759765625,26.604610443115234
000000000116,2.9782171,inf,0.0,0.0,99.97793436050415,27.407424926757812,20.570161819458008,13.924251556396484
000000000121,20.26732,nan,nan,nan,nan,31.36351776123047,28.634363174438477,28.634363174438477
000000000126,16.365889,nan,nan,nan,nan,22.226985931396484,18.851051330566406,18.851051330566406
000000000130,10.697028,inf,0.0,0.0,99.9998688697815,29.824501037597656,31.067148208618164,29.494220733642578
000000000135,7.1439734,inf,0.0,0.0,100.0,27.799617767333984,26.613313674926758,22.1773738861084
111000000000,33.74268,inf,0.0,0.0,99.99998807907104,23.034358978271484,14.585724830627441,14.728872299194336
111000000004,1.1555208,inf,0.0,0.0,99.99549388885498,32.126346588134766,30.897188186645508,14.990652084350586
111000000009,14.0081415,inf,0.0,0.0,99.99713897705078,24.936857223510742,22.09813117980957,19.902172088623047
112000000004,3.1944454,inf,0.0,0.0,100.0,25.950183868408203,22.773956298828125,15.878704071044922
112000000008,2.630387,inf,0.0,0.0,99.99998807907104,30.590932846069336,23.555973052978516,26.777618408203125
113000000003,3.8929358,inf,0.0,0.0,100.0,26.26559829711914,25.003522872924805,23.079448699951172
113000000008,10.393419,inf,0.0,0.0,100.0,26.083946228027344,19.670373916625977,16.664382934570312
114000000002,0.8629909,inf,0.0,0.0,99.99998807907104,26.985586166381836,21.526264190673828,21.046850204467773
114000000007,16.126612,inf,0.0,0.0,100.0,26.927757263183594,22.66928482055664,20.63236427307129
121000000002,8.80823,inf,0.0,0.0,100.0,23.946714401245117,26.269468307495117,24.942562103271484
121000000007,14.547381,inf,0.0,0.0,100.0,25.938459396362305,17.82044792175293,14.9520902633667
122000000001,3.072306,inf,0.0,0.0,100.0,23.77091407775879,15.833795547485352,14.636458396911621
122000000006,21.824514,inf,0.0,0.0,100.0,29.633272171020508,26.814699172973633,23.73921012878418
123000000001,4.3717823,inf,0.0,0.0,100.0,26.40603256225586,19.7843017578125,19.271324157714844
123000000005,6.0242867,inf,0.0,0.0,100.0,23.043977737426758,25.342405319213867,23.11658477783203
124000000000,2.2917404,inf,0.0,0.0,99.99992847442627,26.313907623291016,19.03640365600586,19.966232299804688
124000000005,0.08515677,inf,0.0,0.0,100.0,28.16678810119629,22.072181701660156,23.189363479614258
211000000000,13.812841,inf,0.0,0.0,99.99999403953552,27.898239135742188,33.680015563964844,32.88233947753906
211000000004,10.034233,nan,nan,nan,nan,29.888212203979492,31.423181533813477,31.423181533813477
211000000009,14.047047,inf,0.0,0.0,100.0,32.233619689941406,31.66880226135254,31.950634002685547
212000000004,0.6372699,inf,0.0,0.0,99.96371269226074,27.7395076751709,22.45222282409668,11.43472957611084
212000000008,14.673236,nan,nan,nan,nan,18.980731964111328,19.94087028503418,19.94087028503418
213000000003,30.135979,nan,nan,nan,nan,25.329116821289062,28.724822998046875,28.724822998046875
213000000008,4.3117266,inf,0.0,0.0,100.0,24.974472045898438,23.15755844116211,18.579866409301758
214000000002,10.629315,inf,0.0,0.0,99.99895095825195,28.13837242126465,26.00589942932129,22.936492919921875
214000000007,18.300444,nan,nan,nan,nan,23.678991317749023,27.87643051147461,27.87643051147461
221000000002,2.0721107,inf,0.0,0.0,99.99984502792358,26.683156967163086,26.63608741760254,21.806474685668945
221000000007,25.024689,nan,nan,nan,nan,27.699220657348633,26.875219345092773,26.875219345092773
222000000001,6.378385,inf,0.0,0.0,99.99939203262329,23.354278564453125,22.70679473876953,22.008060455322266
222000000006,2.8799567,inf,0.0,0.0,100.0,17.99535369873047,19.23352813720703,20.85929298400879
223000000001,2.0457978,inf,0.0,0.0,99.99217987060547,25.897180557250977,26.3055419921875,23.1176815032959
223000000005,9.539775,nan,nan,nan,nan,21.244783401489258,21.506576538085938,21.506576538085938
224000000000,10.677358,inf,0.0,0.0,99.99804496765137,25.185997009277344,25.378381729125977,23.19454002380371
224000000005,6.891594,inf,0.0,0.0,99.9997615814209,27.30318260192871,31.388019561767578,29.8579044342041
311000000000,5.8827343,inf,0.0,0.0,99.99954104423523,28.34686279296875,19.774229049682617,11.741415977478027
311000000004,0.13698618,inf,0.0,0.0,99.96495246887207,32.335941314697266,30.78204345703125,18.696229934692383
311000000009,11.144365,inf,0.0,0.0,100.0,25.653827667236328,27.158275604248047,23.25690269470215
312000000004,0.7992022,inf,0.0,0.0,99.95965361595154,33.54439163208008,25.016563415527344,16.540321350097656
312000000008,0.79858154,inf,0.0,0.0,99.99867677688599,25.897621154785156,20.958772659301758,14.3233060836792
313000000003,0.6474115,inf,0.0,0.0,100.0,24.440221786499023,23.491334915161133,17.747486114501953
313000000008,1.2071395,inf,0.0,0.0,100.0,26.677942276000977,25.986421585083008,11.288366317749023
314000000002,2.3264005,inf,0.0,0.0,99.99998807907104,25.91021728515625,25.796968460083008,19.036514282226562
314000000007,4.048086,inf,0.0,0.0,99.99998807907104,22.87525749206543,22.21909523010254,17.629650115966797
321000000002,5.970945,inf,0.0,0.0,100.0,28.56386375427246,29.484498977661133,25.135225296020508
321000000007,15.509715,inf,0.0,0.0,100.0,30.77129364013672,15.737801551818848,12.241207122802734
322000000001,0.22623001,inf,0.0,0.0,100.0,24.407901763916016,22.203510284423828,9.241061210632324
322000000006,7.849372,inf,0.0,0.0,99.99910593032837,26.285850524902344,15.59250545501709,12.863737106323242
323000000001,1.1785085,inf,0.0,0.0,100.0,31.299745559692383,30.425098419189453,13.069921493530273
323000000005,7.9491615,inf,0.0,0.0,100.0,25.02486801147461,26.889169692993164,28.45623207092285
324000000000,11.877658,inf,0.0,0.0,100.0,29.483165740966797,21.33006477355957,19.662883758544922
324000000005,0.23946859,inf,0.0,0.0,100.0,29.44573974609375,29.617050170898438,17.120412826538086
411000000000,2.2179189,inf,0.0,0.0,99.96163249015808,30.818017959594727,29.375795364379883,20.820178985595703
411000000004,7.6888785,inf,0.0,0.0,100.0,32.44638442993164,26.49170684814453,19.617176055908203
412000000003,3.2175984,inf,0.0,0.0,99.99998807907104,25.79702377319336,29.096481323242188,18.811206817626953
413000000003,2.40884,inf,0.0,0.0,100.0,29.29642105102539,21.760908126831055,17.873720169067383
414000000002,15.634054,inf,0.0,0.0,100.0,27.00579833984375,25.184799194335938,21.730327606201172
421000000002,5.988014,inf,0.0,0.0,99.9998927116394,27.968469619750977,24.027481079101562,24.738662719726562
422000000001,1.1256671,inf,0.0,0.0,99.99998807907104,25.542842864990234,22.093843460083008,23.073259353637695
423000000001,2.1878715,inf,0.0,0.0,100.0,30.232746124267578,28.348297119140625,25.20410919189453
424000000000,27.516285,inf,0.0,0.0,100.0,24.0800838470459,21.90338706970215,21.989540100097656
511000000000,1.7627906,inf,0.0,0.0,99.94782209396362,25.67310333251953,23.665964126586914,22.359243392944336
511000000004,5.314366,inf,0.0,0.0,99.9994695186615,26.124969482421875,26.704225540161133,23.567245483398438
512000000003,0.22594894,inf,0.0,0.0,99.99868273735046,26.121341705322266,25.681638717651367,18.56223487854004
513000000003,0.49916545,inf,0.0,0.0,100.0,29.453468322753906,28.57425880432129,10.5040864944458
514000000002,3.1453643,inf,0.0,0.0,100.0,31.74614906311035,31.022968292236328,21.626733779907227
521000000002,6.0884576,inf,0.0,0.0,100.0,26.390853881835938,26.50658416748047,26.334077835083008
522000000001,1.4959396,inf,0.0,0.0,100.0,28.718433380126953,25.934171676635742,9.716646194458008
523000000001,10.446478,inf,0.0,0.0,100.0,29.70280647277832,28.942903518676758,28.515127182006836
524000000000,14.70842,nan,nan,nan,nan,23.603721618652344,24.878503799438477,24.878503799438477
611000000000,22.881674,inf,0.0,0.0,99.99998807907104,23.634122848510742,20.12257957458496,14.3872709274292
611000000004,15.776137,inf,0.0,0.0,100.0,31.309154510498047,29.9006290435791,22.71027183532715
612000000003,4.528937,inf,0.0,0.0,100.0,30.59217643737793,26.857454299926758,21.124324798583984
613000000003,8.760588,inf,0.0,0.0,100.0,24.854360580444336,24.72796058654785,25.836204528808594
614000000002,3.5135574,inf,0.0,0.0,99.99992251396179,20.62757682800293,21.233489990234375,21.366718292236328
621000000002,4.313512,inf,0.0,0.0,99.99434351921082,23.108123779296875,22.3426513671875,23.432085037231445
622000000001,1.9516611,inf,0.0,0.0,100.0,23.359045028686523,21.344467163085938,16.9656982421875
623000000001,2.8393278,inf,0.0,0.0,99.99999403953552,26.06874656677246,26.559234619140625,23.596609115600586
624000000000,6.4843307,inf,0.0,0.0,100.0,23.12819480895996,23.89988136291504,25.860013961791992
711000000000,7.5937943,inf,0.0,0.0,99.99974966049194,24.531042098999023,23.162677764892578,21.990055084228516
711000000004,3.998732,inf,0.0,0.0,99.99992251396179,24.09305191040039,22.197731018066406,21.593042373657227
712000000003,6.3769345,inf,0.0,0.0,99.99997019767761,27.619487762451172,28.809913635253906,26.993284225463867
713000000003,9.569277,inf,0.0,0.0,99.99977350234985,22.816511154174805,24.41326904296875,20.683351516723633
714000000002,0.87001354,inf,0.0,0.0,99.99994039535522,28.545677185058594,27.020055770874023,21.27080535888672
721000000002,6.40085,inf,0.0,0.0,99.99998807907104,28.330469131469727,27.81192398071289,26.394987106323242
722000000001,4.0198627,inf,0.0,0.0,99.99957084655762,20.62944793701172,12.246272087097168,11.552417755126953
723000000001,2.322345,inf,0.0,0.0,100.0,24.87190055847168,24.76090431213379,15.270959854125977
724000000000,15.912236,inf,0.0,0.0,99.99994039535522,24.01203155517578,24.3751220703125,23.61627197265625
811000000000,0.7315066,inf,0.0,0.0,99.99302625656128,22.558290481567383,18.476348876953125,12.02107048034668
811000000004,25.631554,inf,0.0,0.0,100.0,30.465423583984375,29.286373138427734,27.918174743652344
811000000009,4.406104,inf,0.0,0.0,99.99622106552124,26.628376007080078,26.525894165039062,19.02851104736328
812000000004,2.5375175,inf,0.0,0.0,99.99998807907104,23.246715545654297,19.816524505615234,18.256633758544922
812000000008,29.634916,inf,0.0,0.0,100.0,21.43265151977539,24.9769229888916,24.191097259521484
813000000003,89.71362,inf,0.0,0.0,100.0,23.20154571533203,24.734418869018555,24.56464385986328
813000000008,11.190458,inf,0.0,0.0,100.0,27.096891403198242,23.705772399902344,19.922565460205078
814000000002,3.252444,inf,0.0,0.0,99.99995231628418,26.461748123168945,24.35081672668457,23.89288902282715
814000000007,1.1912806,inf,0.0,0.0,99.99997019767761,25.414852142333984,18.978124618530273,21.049854278564453
821000000002,36.791443,nan,nan,nan,nan,24.20464515686035,23.133359909057617,23.133359909057617
821000000007,6.5223074,inf,0.0,0.0,99.99961853027344,25.934499740600586,24.69286346435547,23.487476348876953
822000000001,4.5235553,inf,0.0,0.0,100.0,28.7869930267334,29.359508514404297,26.1146183013916
822000000006,9.275105,inf,0.0,0.0,100.0,20.71031379699707,19.55282974243164,29.550045013427734
823000000001,18.048615,inf,0.0,0.0,100.0,25.536043167114258,26.280139923095703,24.110754013061523
823000000005,47.99221,inf,0.0,0.0,99.99998807907104,24.226858139038086,23.588886260986328,17.732772827148438
824000000000,13.739896,inf,0.0,0.0,99.99963641166687,20.871505737304688,23.106136322021484,22.56736946105957
824000000005,13.591672,inf,0.0,0.0,100.0,28.45729637145996,23.61920738220215,21.096792221069336
911000000000,17.875711,nan,nan,nan,nan,27.278310775756836,29.12981414794922,29.12981414794922
911000000004,5.95676,nan,nan,nan,nan,25.435728073120117,28.407896041870117,28.407896041870117
911000000009,7.8730106,nan,nan,nan,nan,24.25992202758789,27.438312530517578,27.438312530517578
912000000004,10.961604,nan,nan,nan,nan,27.654569625854492,23.622304916381836,23.622304916381836
912000000008,30.550943,nan,nan,nan,nan,24.912675857543945,30.238718032836914,30.238718032836914
913000000003,22.090376,nan,nan,nan,nan,19.77992820739746,22.29454803466797,22.29454803466797
913000000008,19.843252,nan,nan,nan,nan,27.44658660888672,28.381690979003906,28.381690979003906
914000000002,8.855152,nan,nan,nan,nan,24.19037437438965,26.85334014892578,26.85334014892578
914000000007,20.919807,nan,nan,nan,nan,24.09084701538086,25.358623504638672,25.358623504638672
921000000002,24.783878,nan,nan,nan,nan,33.42213439941406,33.494415283203125,33.494415283203125
921000000007,14.84536,nan,nan,nan,nan,28.384096145629883,24.270517349243164,24.270517349243164
922000000001,25.928875,nan,nan,nan,nan,25.032155990600586,21.52530288696289,21.52530288696289
922000000006,9.5022335,nan,nan,nan,nan,22.14920997619629,19.527130126953125,19.527130126953125
923000000001,11.95003,nan,nan,nan,nan,20.079004287719727,16.90898895263672,16.90898895263672
923000000005,17.775095,nan,nan,nan,nan,26.262062072753906,22.751144409179688,22.751144409179688
924000000000,14.214051,nan,nan,nan,nan,24.67119598388672,19.838821411132812,19.838821411132812
924000000005,5.4680276,nan,nan,nan,nan,26.007301330566406,26.414596557617188,26.414596557617188
