file_id,gtmask|structure_distance,gtmask|psnr_unedit_part,gtmask|lpips_unedit_part,gtmask|mse_unedit_part,gtmask|ssim_unedit_part,gtmask|clip_similarity_source_image,gtmask|clip_similarity_target_image,gtmask|clip_similarity_target_image_edit_part
000000000000,6.4044857,38.85113525390625,3.278836142271757,1.3028258399572223,96.67465090751648,24.254085540771484,25.910736083984375,24.7327823638916
000000000004,10.221389,40.5932502746582,4.3784757144749165,0.872317687026225,98.26588034629822,27.585750579833984,26.714426040649414,24.31110191345215
000000000009,7.9954567,46.19832992553711,1.5552156837657094,0.2399753975623753,99.63034987449646,26.778465270996094,27.001768112182617,25.796424865722656
000000000014,4.905723,38.222694396972656,8.904114365577698,1.505672262283042,97.48608469963074,19.275184631347656,19.975252151489258,20.953750610351562
000000000018,8.970334,36.28715515136719,6.26617856323719,2.3511705512646586,97.02674746513367,26.482135772705078,30.41819953918457,26.36029815673828
000000000023,2.1157498,30.455455780029297,16.51769131422043,9.004392777569592,85.9529197216034,25.0826473236084,26.151519775390625,25.21590232849121
000000000028,10.37809,nan,nan,nan,nan,25.335756301879883,24.84723472595215,24.84723472595215
000000000032,1.4123046,37.361820220947266,6.379945203661919,1.8357683438807726,96.63954973220825,21.087308883666992,18.9024658203125,15.133976936340332
000000000037,0.56419766,26.050857543945312,27.7372058480978,24.82642885297537,82.59629011154175,23.927160263061523,23.415502548217773,16.53688621520996
000000000042,4.714135,38.44413757324219,12.729811482131481,1.430823904229328,96.0648238658905,24.56931495666504,22.18663787841797,22.490947723388672
000000000046,14.425072,nan,nan,nan,nan,25.125455856323242,23.605064392089844,23.605064392089844
000000000051,6.984568,34.64179992675781,13.663778081536293,3.4341553691774607,96.53415083885193,28.493249893188477,26.75896644592285,23.30169677734375
000000000056,8.122449,30.503015518188477,16.672827303409576,8.906319853849709,82.64627456665039,29.572147369384766,33.56263732910156,28.804039001464844
000000000060,2.016265,43.292724609375,2.6384838856756687,0.4685193925979547,99.07842874526978,26.358322143554688,22.3798885345459,24.141517639160156
000000000065,1.4219084,33.32847213745117,14.249773696064949,4.646785964723676,95.17490267753601,23.795291900634766,24.3305721282959,20.202970504760742
000000000070,0.25769278,nan,nan,nan,nan,27.19322395324707,27.008399963378906,27.008399963378906
000000000074,3.4174485,36.485267639160156,6.234968081116676,2.2463261848315597,97.04746603965759,22.422426223754883,23.133546829223633,24.461566925048828
000000000079,11.657351,nan,nan,nan,nan,25.22629165649414,23.57382583618164,23.57382583618164
000000000084,8.24668,38.650184631347656,4.399238154292107,1.364524068776518,98.27154874801636,28.826274871826172,27.530210494995117,26.152050018310547
000000000088,1.2624805,24.668245315551758,29.202615842223167,34.13306549191475,70.94979286193848,26.808324813842773,29.179101943969727,22.400659561157227
000000000093,57.23913,40.652381896972656,2.2498148027807474,0.8605213224655017,99.40459132194519,23.494312286376953,24.868408203125,23.451290130615234
000000000098,7.791502,38.406803131103516,7.736247032880783,1.4431773161049932,96.66664600372314,27.847599029541016,21.076168060302734,21.048696517944336
000000000102,5.6678643,37.59463882446289,4.055540077388287,1.739947620080784,98.20128679275513,30.448509216308594,23.077356338500977,23.12961769104004
000000000107,0.34925532,29.46523094177246,18.07725429534912,11.310373665764928,91.36025905609131,23.623403549194336,22.996746063232422,23.137081146240234
000000000112,2.4028249,26.086246490478516,26.496637612581253,24.62495118379593,88.07992935180664,28.90278434753418,28.8595027923584,27.116193771362305
000000000116,5.394115,31.170242309570312,10.233699344098568,7.637930102646351,95.69649696350098,27.407424926757812,21.40974998474121,14.257555961608887
000000000121,17.687359,nan,nan,nan,nan,31.36351776123047,28.496057510375977,28.496057510375977
000000000126,27.453321,nan,nan,nan,nan,22.226985931396484,29.402156829833984,29.402156829833984
000000000130,2.734086,37.98207092285156,6.497418973594904,1.5914491086732596,97.79964685440063,29.824501037597656,30.76211166381836,23.235565185546875
000000000135,2.9023046,37.13417434692383,8.243863470852375,1.9345611508470029,97.34917879104614,27.799617767333984,27.479393005371094,24.638452529907227
111000000000,14.626611,32.099334716796875,7.172104902565479,6.16689445450902,92.28140115737915,23.034358978271484,16.893701553344727,16.97134780883789
111000000004,0.19733508,31.240198135375977,8.111068978905678,7.5158849358558655,93.75824928283691,32.126346588134766,28.59748077392578,13.063004493713379
111000000009,19.92501,32.42561340332031,9.553932584822178,5.720559856854379,93.289315700531,24.936857223510742,21.451902389526367,19.967361450195312
112000000004,2.3111413,33.67209243774414,7.127583492547274,4.293294623494148,96.1354672908783,25.950183868408203,23.31336784362793,15.502860069274902
112000000008,2.536785,35.933349609375,7.283065002411604,2.550731005612761,97.20112681388855,30.590932846069336,22.83574104309082,27.9873046875
113000000003,2.3541517,38.1783561706543,5.731108598411083,1.5211223217193037,97.80114889144897,26.26559829711914,25.84346580505371,24.822711944580078
113000000008,9.409074,29.896394729614258,12.277341447770596,10.241424897685647,92.58472323417664,26.083946228027344,26.46591567993164,28.808372497558594
114000000002,0.30722344,36.71107864379883,8.86029377579689,2.1325152192730457,96.73166275024414,26.985586166381836,22.105712890625,20.782392501831055
114000000007,5.6119614,31.17197036743164,11.72639336436987,7.634888752363622,92.32668280601501,26.927757263183594,23.173786163330078,20.68610191345215
121000000002,8.890045,28.522489547729492,22.47471734881401,14.05241317115724,83.66165161132812,23.946714401245117,25.37009048461914,25.668970108032227
121000000007,20.029823,38.3841438293457,5.576322786509991,1.4507271407637745,98.08394312858582,25.938459396362305,23.417091369628906,20.750680923461914
122000000001,6.580091,33.146949768066406,11.937301605939865,4.845123330596834,96.2051510810852,23.77091407775879,21.002201080322266,20.23177146911621
122000000006,12.739968,33.03950500488281,9.350446052849293,4.966484848409891,94.34635043144226,29.633272171020508,29.89557456970215,24.656490325927734
123000000001,0.7867415,43.01240539550781,14.004119671881199,0.4997576979803853,98.52075576782227,26.40603256225586,21.37856674194336,17.16758918762207
123000000005,3.7546318,30.43031883239746,16.286790370941162,9.056659764610231,90.7331645488739,23.043977737426758,24.69691276550293,23.449777603149414
124000000000,5.5231137,37.20244598388672,8.359497413039207,1.9043862994294614,97.47878313064575,26.313907623291016,22.305450439453125,20.782657623291016
124000000005,0.45250514,32.58710861206055,24.622030556201935,5.511742201633751,89.14963603019714,28.16678810119629,25.25452995300293,23.133159637451172
211000000000,7.077628,40.1126823425293,3.5462004598230124,0.9743872215040028,98.4161376953125,27.898239135742188,32.169090270996094,31.471847534179688
211000000004,11.232107,nan,nan,nan,nan,29.888212203979492,33.28105163574219,33.28105163574219
211000000009,7.6926036,39.64057540893555,4.17319405823946,1.0862808994716033,98.32279086112976,32.233619689941406,31.4870662689209,32.44337463378906
212000000004,0.4432515,34.652008056640625,4.663402214646339,3.426093317102641,98.08154106140137,27.7395076751709,22.241676330566406,12.250529289245605
212000000008,11.075103,nan,nan,nan,nan,18.980731964111328,20.212482452392578,20.212482452392578
213000000003,26.66827,nan,nan,nan,nan,25.329116821289062,27.694156646728516,27.694156646728516
213000000008,2.270484,32.19175720214844,13.935135677456856,6.037040730006993,94.3061113357544,24.974472045898438,24.49125862121582,18.945316314697266
214000000002,8.052173,32.682960510253906,27.39740163087845,5.391425802372396,97.59024381637573,28.13837242126465,27.869319915771484,26.119672775268555
214000000007,21.891397,nan,nan,nan,nan,23.678991317749023,29.38894271850586,29.38894271850586
221000000002,1.7650017,37.17352294921875,9.410449303686619,1.9171112217009068,94.77952718734741,26.683156967163086,29.919355392456055,24.78264617919922
221000000007,4.3168187,nan,nan,nan,nan,27.699220657348633,24.33072853088379,24.33072853088379
222000000001,2.2495298,41.76106643676758,3.9525222964584827,0.6666428089374676,99.15175437927246,23.354278564453125,22.824670791625977,22.56092071533203
222000000006,1.5540764,38.48888397216797,8.15481599420309,1.4161576109472662,97.7750301361084,17.99535369873047,18.19255828857422,20.821102142333984
223000000001,0.14720574,44.579315185546875,5.094263236969709,0.3483923865132965,99.5470404624939,25.897180557250977,25.263124465942383,22.28719139099121
223000000005,8.9563465,nan,nan,nan,nan,21.244783401489258,23.102571487426758,23.102571487426758
224000000000,10.910086,43.942100524902344,4.312917124480009,0.40344999433727935,99.05940890312195,25.185997009277344,24.102893829345703,25.082233428955078
224000000005,4.7212467,42.15868377685547,5.497709847986698,0.6083189873606898,99.26776885986328,27.30318260192871,33.419593811035156,29.259422302246094
311000000000,3.4421844,37.14838790893555,3.6541633307933807,1.9282400899101049,98.75717163085938,28.34686279296875,22.770368576049805,10.722723007202148
311000000004,0.23937716,33.55335998535156,6.641898304224014,4.412286507431418,96.98757529258728,32.335941314697266,31.738550186157227,20.253173828125
311000000009,5.524754,41.846439361572266,4.729628562927246,0.6536659930134192,94.35442686080933,25.653827667236328,24.146142959594727,22.634538650512695
312000000004,1.2844466,35.84174728393555,5.501474253833294,2.605104527901858,97.70125150680542,33.54439163208008,26.364458084106445,17.942493438720703
312000000008,0.14792833,30.709726333618164,10.349906980991364,8.492337656207383,93.01133155822754,25.897621154785156,24.0140380859375,12.267597198486328
313000000003,0.30851573,26.3308048248291,22.840354591608047,23.27659633010626,81.5130889415741,24.440221786499023,22.662574768066406,18.344255447387695
313000000008,2.6471207,33.19000244140625,10.113845579326153,4.797330184374005,95.22144198417664,26.677942276000977,26.939287185668945,9.525699615478516
314000000002,2.0868812,37.10432434082031,7.757393643260002,1.9479035108815879,97.88782596588135,25.91021728515625,24.72369956970215,20.093311309814453
314000000007,3.10307,29.832958221435547,20.441120490431786,10.392116382718086,88.37051391601562,22.87525749206543,22.423206329345703,18.15542221069336
321000000002,4.163911,31.93036651611328,4.177585244178772,6.411551148630679,98.53943586349487,28.56386375427246,28.57164192199707,28.59966468811035
321000000007,8.958833,32.25014114379883,17.59331300854683,5.956427194178104,93.2496190071106,30.77129364013672,19.213075637817383,19.913190841674805
322000000001,0.44744822,37.37773513793945,8.781260810792446,1.829053508117795,97.05039858818054,24.407901763916016,23.878870010375977,8.70035171508789
322000000006,1.243359,37.40233612060547,4.183074925094843,1.8187216483056545,97.91897535324097,26.285850524902344,14.838544845581055,12.809427261352539
323000000001,2.9544203,33.86988830566406,11.682095006108284,4.102146194782108,94.49405074119568,31.299745559692383,30.446226119995117,8.654026985168457
323000000005,1.8938819,30.352418899536133,11.309916153550148,9.220574866048992,95.0598418712616,25.02486801147461,27.317989349365234,27.585256576538086
324000000000,11.363932,39.5280876159668,5.913663189858198,1.1147846089443192,96.34780883789062,29.483165740966797,18.557401657104492,19.186548233032227
324000000005,0.8545132,29.2989559173584,16.484860330820084,11.7517972830683,92.1139121055603,29.44573974609375,29.434782028198242,18.349637985229492
411000000000,0.07318967,33.06547164916992,5.481988191604614,4.936882178299129,96.87763452529907,30.818017959594727,30.93807601928711,19.062419891357422
411000000004,5.5611267,32.95629119873047,7.917971350252628,5.062565323896706,95.02684473991394,32.44638442993164,27.33094024658203,18.55173110961914
412000000003,0.21584983,37.311309814453125,11.306351982057095,1.8572446424514055,94.25915479660034,25.79702377319336,27.979463577270508,21.711257934570312
413000000003,2.9321008,32.462825775146484,9.918042458593845,5.671753897331655,93.33381652832031,29.29642105102539,22.308208465576172,17.946487426757812
414000000002,8.5647,33.60533142089844,3.9228079840540886,4.359802987892181,97.76455163955688,27.00579833984375,25.651779174804688,22.146648406982422
421000000002,3.7937768,38.53268814086914,6.80657010525465,1.4019459194969386,97.864830493927,27.968469619750977,24.701858520507812,25.112651824951172
422000000001,2.0622191,36.75410842895508,7.668768987059593,2.111490030074492,96.70535922050476,25.542842864990234,22.44040870666504,17.44892120361328
423000000001,1.0260698,28.607742309570312,13.886602595448494,13.779252767562866,86.47026419639587,30.232746124267578,27.536672592163086,21.979671478271484
424000000000,97.75437,29.432819366455078,20.346583798527718,11.395096080377698,86.64018511772156,24.0800838470459,22.43746566772461,21.134000778198242
511000000000,0.21950024,43.32088851928711,0.7760500302538276,0.46549102989956737,99.87931251525879,25.67310333251953,22.66596031188965,21.5233097076416
511000000004,5.713765,28.88594627380371,14.457302168011665,12.924246257171035,83.9239776134491,26.124969482421875,26.721731185913086,21.39759063720703
512000000003,0.51337606,31.337284088134766,17.61939749121666,7.349729421548545,91.49271845817566,26.121341705322266,25.23798370361328,17.669206619262695
513000000003,0.43010885,34.37607192993164,8.849719539284706,3.650838043540716,95.03709673881531,29.453468322753906,28.04986000061035,8.571341514587402
514000000002,1.8692024,23.009767532348633,29.94723804295063,50.00611301511526,78.63267660140991,31.74614906311035,31.231647491455078,19.740781784057617
521000000002,2.8779762,33.5919189453125,11.082755401730537,4.3732873746193945,95.1666533946991,26.390853881835938,26.73192596435547,24.97003936767578
522000000001,0.8952972,30.00881004333496,22.644195705652237,9.979731403291225,89.00265693664551,28.718433380126953,29.25356674194336,12.488387107849121
523000000001,26.97614,34.748226165771484,2.4858489632606506,3.3510220237076283,97.70860075950623,29.70280647277832,30.612224578857422,29.697650909423828
524000000000,13.958236,nan,nan,nan,nan,23.603721618652344,24.90108871459961,24.90108871459961
611000000000,6.8902454,39.64231491088867,4.836159758269787,1.0858458699658513,98.37669134140015,23.634122848510742,21.247556686401367,14.929670333862305
611000000004,26.751139,32.90724563598633,37.61206939816475,5.1200640155002475,74.10591840744019,31.309154510498047,29.839303970336914,22.170007705688477
612000000003,0.90431535,35.85673141479492,7.4722361750900745,2.596130652818829,96.91466093063354,30.59217643737793,24.615604400634766,17.643674850463867
613000000003,4.0553226,33.4546012878418,11.07863336801529,4.513775056693703,94.50299739837646,24.854360580444336,23.235485076904297,24.478967666625977
614000000002,12.16824,43.88759231567383,4.465306643396616,0.40854578401194885,99.26184415817261,20.62757682800293,21.578720092773438,22.41884994506836
621000000002,4.3370953,37.70916748046875,5.134299397468567,1.6946606046985835,97.87494540214539,23.108123779296875,22.63595962524414,20.134403228759766
622000000001,1.7323716,29.305953979492188,21.403973922133446,11.732876300811768,91.5770411491394,23.359045028686523,19.7989559173584,17.30184555053711
623000000001,0.9077548,35.483158111572266,12.788256630301476,2.8293326613493264,93.86398196220398,26.06874656677246,26.1406307220459,23.50658416748047
624000000000,5.9461765,34.373329162597656,11.731775477528572,3.6531462683342397,97.50518798828125,23.12819480895996,23.73935890197754,25.332759857177734
711000000000,18.310375,42.766239166259766,0.6015347898937762,0.5289030377753079,99.88865852355957,24.531042098999023,29.473119735717773,25.92074203491211
711000000004,6.0869555,39.973140716552734,5.528907757252455,1.0062038199976087,99.04117584228516,24.09305191040039,22.997760772705078,24.005290985107422
712000000003,4.3762665,37.259117126464844,8.985928259789944,1.8796972290147096,97.43070602416992,27.619487762451172,33.59804153442383,27.134361267089844
713000000003,6.6027985,31.92445945739746,16.8863944709301,6.420277641154826,92.8123414516449,22.816511154174805,25.97440528869629,20.056623458862305
714000000002,0.728879,31.889633178710938,16.60986617207527,6.471971864812076,93.24806928634644,28.545677185058594,27.478160858154297,21.201862335205078
721000000002,4.451751,32.638126373291016,12.83271238207817,5.44737558811903,94.24375295639038,28.330469131469727,29.043556213378906,26.917558670043945
722000000001,4.435786,41.348793029785156,2.3908880539238453,0.7330276275752112,99.14112091064453,20.62944793701172,14.398524284362793,15.729707717895508
723000000001,6.8093724,32.479209899902344,12.382954359054565,5.650395760312676,94.32175159454346,24.87190055847168,26.679819107055664,15.601633071899414
724000000000,7.154438,42.31221389770508,4.046197049319744,0.5871901885257103,99.39683675765991,24.01203155517578,24.66668701171875,24.23168182373047
811000000000,0.21553616,34.724327087402344,5.190466530621052,3.369512560311705,97.48393893241882,22.558290481567383,18.653751373291016,11.968811988830566
811000000004,12.247897,32.393516540527344,7.353982422500849,5.7629955699667335,96.25195860862732,30.465423583984375,26.71304702758789,27.38386344909668
811000000009,5.7984633,28.916318893432617,10.289772413671017,12.834175722673535,96.29220962524414,26.628376007080078,25.836822509765625,18.119035720825195
812000000004,3.5873709,34.087486267089844,9.646913036704063,3.9016761002130806,95.7554042339325,23.246715545654297,20.417959213256836,17.488746643066406
812000000008,19.666853,35.32248306274414,5.173050332814455,2.935969678219408,97.76226282119751,21.43265151977539,25.59829330444336,25.113731384277344
813000000003,35.61424,36.30499267578125,6.464684382081032,2.3415341274812818,94.84337568283081,23.20154571533203,24.241729736328125,24.721616744995117
813000000008,2.3777804,37.81121063232422,2.8642602264881134,1.6553077148273587,96.68552279472351,27.096891403198242,24.49505615234375,15.567672729492188
814000000002,2.0426428,45.005828857421875,2.0056453067809343,0.31580373615724966,99.58418607711792,26.461748123168945,24.02135467529297,23.18902015686035
814000000007,0.6123115,35.44094467163086,6.264846306294203,2.8569679125212133,96.26516103744507,25.414852142333984,21.062259674072266,20.802846908569336
821000000002,13.84514,nan,nan,nan,nan,24.20464515686035,22.317522048950195,22.317522048950195
821000000007,4.4747543,32.36577224731445,9.517922066152096,5.799926002509892,95.86479067802429,25.934499740600586,26.142555236816406,21.25019073486328
822000000001,3.700078,32.06389617919922,10.361133143305779,6.217421614564955,93.9947247505188,28.7869930267334,28.215795516967773,26.85784912109375
822000000006,15.856743,35.039703369140625,6.4091612584888935,3.1334985396824777,96.87051773071289,20.71031379699707,21.583383560180664,29.497310638427734
823000000001,27.06229,28.944168090820312,9.417446330189705,12.752139009535313,89.62666988372803,25.536043167114258,26.993370056152344,23.914155960083008
823000000005,16.514791,26.298093795776367,14.60221316665411,23.452567402273417,91.72662496566772,24.226858139038086,21.695180892944336,18.499916076660156
824000000000,4.4214153,38.814674377441406,7.188240066170692,1.3138090434949845,97.9612946510315,20.871505737304688,23.677358627319336,21.492961883544922
824000000005,8.936289,35.46121597290039,3.519113175570965,2.8436630964279175,98.23193550109863,28.45729637145996,29.776519775390625,22.75132179260254
911000000000,8.405642,nan,nan,nan,nan,27.278310775756836,30.174097061157227,30.174097061157227
911000000004,6.47784,nan,nan,nan,nan,25.435728073120117,28.689170837402344,28.689170837402344
911000000009,15.263073,nan,nan,nan,nan,24.25992202758789,28.080541610717773,28.080541610717773
912000000004,15.813781,nan,nan,nan,nan,27.654569625854492,25.975019454956055,25.975019454956055
912000000008,25.761595,nan,nan,nan,nan,24.912675857543945,30.477922439575195,30.477922439575195
913000000003,28.980572,nan,nan,nan,nan,19.77992820739746,25.510427474975586,25.510427474975586
913000000008,10.818281,nan,nan,nan,nan,27.44658660888672,28.549760818481445,28.549760818481445
914000000002,6.765392,nan,nan,nan,nan,24.19037437438965,25.87546730041504,25.87546730041504
914000000007,17.848331,nan,nan,nan,nan,24.09084701538086,25.199901580810547,25.199901580810547
921000000002,23.924845,nan,nan,nan,nan,33.42213439941406,33.49922180175781,33.49922180175781
921000000007,39.833973,nan,nan,nan,nan,28.384096145629883,29.748661041259766,29.748661041259766
922000000001,43.70849,nan,nan,nan,nan,25.032155990600586,32.55093765258789,32.55093765258789
922000000006,13.362945,nan,nan,nan,nan,22.14920997619629,25.47016716003418,25.47016716003418
923000000001,7.554296,nan,nan,nan,nan,20.079004287719727,20.196260452270508,20.196260452270508
923000000005,9.409805,nan,nan,nan,nan,26.262062072753906,24.524730682373047,24.524730682373047
924000000000,17.030846,nan,nan,nan,nan,24.67119598388672,24.27082061767578,24.27082061767578
924000000005,8.643404,nan,nan,nan,nan,26.007301330566406,26.848358154296875,26.848358154296875
