file_id,nomask|structure_distance,nomask|psnr_unedit_part,nomask|lpips_unedit_part,nomask|mse_unedit_part,nomask|ssim_unedit_part,nomask|clip_similarity_source_image,nomask|clip_similarity_target_image,nomask|clip_similarity_target_image_edit_part
000000000000,27.497658,23.22017478942871,57.71349370479584,47.64116834849119,89.64945673942566,24.254085540771484,24.757755279541016,24.156803131103516
000000000004,28.603563,27.472963333129883,58.92501771450043,17.893839394673705,93.25570464134216,27.585750579833984,28.333393096923828,25.347402572631836
000000000009,8.356518,41.41421890258789,3.2587707974016666,0.7220677798613906,99.59781169891357,26.778465270996094,27.55214500427246,25.750911712646484
000000000014,20.640148,28.202922821044922,32.065730541944504,15.125429490581155,92.87614822387695,19.275184631347656,22.82125473022461,20.594907760620117
000000000018,30.812346,21.040742874145508,103.5979613661766,78.69110442698002,84.4728171825409,26.482135772705078,29.07361602783203,26.51578712463379
000000000023,6.3817797,26.50946617126465,35.42652353644371,22.33845880255103,82.34667778015137,25.0826473236084,26.492124557495117,23.409832000732422
000000000028,10.37809,nan,nan,nan,nan,25.335756301879883,24.84723472595215,24.84723472595215
000000000032,7.247594,28.713951110839844,36.24018281698227,13.44636082649231,92.97959208488464,21.087308883666992,18.84617805480957,15.332807540893555
000000000037,2.9516704,23.405813217163086,66.67079776525497,45.64765840768814,80.52310347557068,23.927160263061523,22.07976531982422,19.74677085876465
000000000042,25.299314,25.382230758666992,121.5425655245781,28.95855577662587,89.74531888961792,24.56931495666504,30.14373779296875,23.283063888549805
000000000046,14.425072,nan,nan,nan,nan,25.125455856323242,23.605064392089844,23.605064392089844
000000000051,39.310226,25.05068588256836,41.63278639316559,31.255849171429873,90.73607325553894,28.493249893188477,28.629377365112305,23.012929916381836
000000000056,11.332778,24.206974029541016,50.29834434390068,37.95792115852237,77.03180313110352,29.572147369384766,34.25297164916992,27.347055435180664
000000000060,5.0623355,34.521209716796875,9.76966880261898,3.5308478982187808,97.71305918693542,26.358322143554688,23.622386932373047,23.86029624938965
000000000065,2.2019114,29.396427154541016,28.408251702785492,11.490979231894016,94.0850019454956,23.795291900634766,24.126148223876953,19.84861183166504
000000000070,0.25769278,nan,nan,nan,nan,27.19322395324707,27.008399963378906,27.008399963378906
000000000074,8.491749,31.655946731567383,22.956745699048042,6.829756312072277,95.25384306907654,22.422426223754883,22.670360565185547,24.010744094848633
000000000079,11.657351,nan,nan,nan,nan,25.22629165649414,23.57382583618164,23.57382583618164
000000000084,16.268421,25.76725196838379,62.93340027332306,26.501754764467478,94.978928565979,28.826274871826172,27.074586868286133,24.476293563842773
000000000088,14.330554,19.57305335998535,136.86242699623108,110.33023707568645,59.80691313743591,26.808324813842773,26.40680694580078,20.66909408569336
000000000093,59.965855,32.97993469238281,17.03350432217121,5.035083158873022,98.4536349773407,23.494312286376953,26.12970733642578,25.332874298095703
000000000098,35.502182,33.02700424194336,22.038117051124573,4.9808056792244315,95.01876831054688,27.847599029541016,20.829248428344727,20.54222297668457
000000000102,8.133996,29.75864028930664,14.72056657075882,10.571483289822936,96.5234637260437,30.448509216308594,24.409093856811523,24.163543701171875
000000000107,7.5185084,22.33954620361328,89.36542272567749,58.35058633238077,86.28592491149902,23.623403549194336,23.745494842529297,22.475284576416016
000000000112,5.296768,23.76236343383789,73.90972226858139,42.04976372420788,84.03889536857605,28.90278434753418,28.14691734313965,26.47286605834961
000000000116,17.847921,22.252981185913086,98.45387190580368,59.52531937509775,88.23521137237549,27.407424926757812,23.260133743286133,16.138280868530273
000000000121,17.687359,nan,nan,nan,nan,31.36351776123047,28.496057510375977,28.496057510375977
000000000126,27.453321,nan,nan,nan,nan,22.226985931396484,29.402156829833984,29.402156829833984
000000000130,7.122449,26.44448471069336,37.984058260917664,22.67521806061268,94.00741457939148,29.824501037597656,30.32596778869629,24.414522171020508
000000000135,11.619134,24.979093551635742,81.3249945640564,31.775368843227625,91.84699058532715,27.799617767333984,28.83555030822754,23.381420135498047
111000000000,26.16704,22.599349975585938,73.2608363032341,54.962304420769215,84.11307334899902,23.034358978271484,19.642934799194336,17.638883590698242
111000000004,3.8469324,23.056583404541016,177.89927124977112,49.46996923536062,82.70288705825806,32.126346588134766,28.308481216430664,13.393709182739258
111000000009,30.25831,23.336572647094727,74.4016021490097,46.381279826164246,88.01450729370117,24.936857223510742,27.410762786865234,21.04121208190918
112000000004,16.718712,20.958898544311523,180.38929998874664,80.18814027309418,82.1587085723877,25.950183868408203,27.981271743774414,16.378612518310547
112000000008,10.014777,27.993358612060547,30.738411471247673,15.87318372912705,93.75653266906738,30.590932846069336,22.80217170715332,27.996870040893555
113000000003,14.773309,26.052928924560547,65.4713436961174,24.81457544490695,92.8496778011322,26.26559829711914,28.73021697998047,26.59311294555664
113000000008,25.931303,21.053937911987305,114.32555317878723,78.45238782465458,79.33487892150879,26.083946228027344,24.090147018432617,26.212125778198242
114000000002,16.977064,23.597801208496094,112.04615235328674,43.67368295788765,86.53429746627808,26.985586166381836,22.199918746948242,20.237337112426758
114000000007,11.4178,26.203720092773438,42.12993383407593,23.967786692082882,89.41115140914917,26.927757263183594,23.766162872314453,21.115938186645508
121000000002,18.824575,24.31560516357422,76.98117196559906,37.02026093378663,78.73815298080444,23.946714401245117,26.461877822875977,24.861528396606445
121000000007,50.038372,23.873769760131836,91.91436320543289,40.98480101674795,89.14437294006348,25.938459396362305,20.315214157104492,16.63402557373047
122000000001,44.33817,18.710111618041992,178.15281450748444,134.58256609737873,63.40040564537048,23.77091407775879,26.31107521057129,21.10193634033203
122000000006,21.758095,24.77662467956543,70.23875415325165,33.2918087951839,88.4645938873291,29.633272171020508,30.783315658569336,24.670948028564453
123000000001,18.93478,25.641138076782227,110.98580807447433,27.28261984884739,90.9051775932312,26.40603256225586,27.381479263305664,20.52385902404785
123000000005,24.074953,23.145864486694336,96.18775546550751,48.463339917361736,82.44390487670898,23.043977737426758,24.963041305541992,24.554872512817383
124000000000,37.28272,25.245134353637695,98.5628291964531,29.887284617871046,89.45732116699219,26.313907623291016,23.55203628540039,18.842405319213867
124000000005,16.662771,24.82729148864746,90.77765047550201,32.9056684859097,82.29002952575684,28.16678810119629,25.741981506347656,22.33827018737793
211000000000,15.133477,30.649005889892578,30.047085136175156,8.611903176642954,95.16734480857849,27.898239135742188,33.27529525756836,31.5770206451416
211000000004,11.232107,nan,nan,nan,nan,29.888212203979492,33.28105163574219,33.28105163574219
211000000009,16.463194,30.448396682739258,29.351472854614258,9.01903782505542,95.01907229423523,32.233619689941406,32.53327560424805,31.915372848510742
212000000004,4.097915,24.364788055419922,26.856206357479095,36.603379994630814,94.51683759689331,27.7395076751709,26.81998062133789,12.157964706420898
212000000008,11.075103,nan,nan,nan,nan,18.980731964111328,20.212482452392578,20.212482452392578
213000000003,26.66827,nan,nan,nan,nan,25.329116821289062,27.694156646728516,27.694156646728516
213000000008,12.691238,24.7160701751709,81.48997277021408,33.75924890860915,86.54612302780151,24.974472045898438,28.856891632080078,21.126201629638672
214000000002,18.942091,29.086767196655273,39.71930593252182,12.340227840468287,96.39692306518555,28.13837242126465,27.11736488342285,25.44679069519043
214000000007,21.891397,nan,nan,nan,nan,23.678991317749023,29.38894271850586,29.38894271850586
221000000002,10.538201,24.849647521972656,81.883504986763,32.73670794442296,89.42102193832397,26.683156967163086,30.26096534729004,21.851490020751953
221000000007,4.3168187,nan,nan,nan,nan,27.699220657348633,24.33072853088379,24.33072853088379
222000000001,11.438627,24.73951530456543,122.18239158391953,33.577512949705124,92.86065101623535,23.354278564453125,22.631832122802734,20.664031982421875
222000000006,13.386392,25.92974281311035,63.330888748168945,25.52851103246212,90.83893299102783,17.99535369873047,18.125900268554688,19.871368408203125
223000000001,4.4032426,28.692283630371094,62.0298832654953,13.513615122064948,96.95493578910828,25.897180557250977,30.973541259765625,22.240070343017578
223000000005,8.9563465,nan,nan,nan,nan,21.244783401489258,23.102571487426758,23.102571487426758
224000000000,11.891644,30.164323806762695,25.85679292678833,9.628699044696987,97.32269048690796,25.185997009277344,25.048423767089844,25.23969078063965
224000000005,9.5738325,29.847314834594727,27.722271159291267,10.357820428907871,98.0259895324707,27.30318260192871,34.68571853637695,31.486648559570312
311000000000,11.354737,26.139768600463867,37.9285104572773,24.32334003970027,95.7335114479065,28.34686279296875,23.04354476928711,13.57377815246582
311000000004,5.235418,21.893896102905273,45.29804736375809,64.65621292591095,92.10671186447144,32.335941314697266,29.882415771484375,20.56870460510254
311000000009,9.4403,34.479278564453125,12.355469167232513,3.565100487321615,93.72706413269043,25.653827667236328,24.583587646484375,22.5822811126709
312000000004,3.6523414,27.86875343322754,77.91271805763245,16.335202381014824,95.29325366020203,33.54439163208008,27.08956527709961,16.64369773864746
312000000008,7.930145,22.692262649536133,89.27429467439651,53.79893351346254,84.67442393302917,25.897621154785156,24.80817985534668,12.798304557800293
313000000003,11.996507,20.164817810058594,107.52658545970917,96.27602063119411,69.86693143844604,24.440221786499023,24.23270606994629,20.056358337402344
313000000008,25.90935,23.684574127197266,109.42352563142776,42.80973691493273,87.20778822898865,26.677942276000977,27.282411575317383,11.076152801513672
314000000002,24.130451,25.000873565673828,95.32682597637177,31.61640139296651,91.26718044281006,25.91021728515625,27.636045455932617,16.812984466552734
314000000007,14.449631,23.128910064697266,98.24500977993011,48.65290131419897,80.18085360527039,22.87525749206543,24.963356018066406,19.016822814941406
321000000002,4.2997394,29.269939422607422,7.341471035033464,11.830576695501804,97.99823760986328,28.56386375427246,28.603166580200195,26.614730834960938
321000000007,19.17458,23.644271850585938,156.02245926856995,43.208859860897064,82.24858045578003,30.77129364013672,23.7674560546875,19.10944366455078
322000000001,8.320407,28.979286193847656,36.3919772207737,12.649440905079246,93.98157596588135,24.407901763916016,24.360523223876953,8.143081665039062
322000000006,5.374063,27.643342971801758,33.242903649806976,17.20543601550162,94.60344314575195,26.285850524902344,16.484106063842773,12.657987594604492
323000000001,16.410694,23.264541625976562,120.02444267272949,47.156959772109985,85.99972724914551,31.299745559692383,31.58218765258789,13.329948425292969
323000000005,3.240517,27.10797691345215,24.861177429556847,19.46265809237957,93.10762286186218,25.02486801147461,27.463382720947266,26.994197845458984
324000000000,18.161955,27.1633358001709,84.99112725257874,19.216142827644944,92.06289649009705,29.483165740966797,18.733001708984375,18.509748458862305
324000000005,2.6295514,27.277748107910156,32.11936354637146,18.716519698500633,90.86035490036011,29.44573974609375,30.461273193359375,18.743621826171875
411000000000,2.8656316,24.08344268798828,77.00295001268387,39.053105283528566,91.76904559135437,30.818017959594727,31.556957244873047,19.01934051513672
411000000004,26.05323,21.486047744750977,97.41275757551193,71.02236151695251,79.68587875366211,32.44638442993164,32.625144958496094,19.502235412597656
412000000003,16.487007,25.73554801940918,105.18569499254227,26.695916894823313,86.2977147102356,25.79702377319336,29.112552642822266,20.890766143798828
413000000003,24.184708,20.964366912841797,125.65983831882477,80.0871942192316,77.99496054649353,29.29642105102539,24.750158309936523,19.838029861450195
414000000002,9.138526,32.32555389404297,6.269403733313084,5.853889160789549,97.5029468536377,27.00579833984375,25.729686737060547,22.166603088378906
421000000002,13.3845825,29.520647048950195,37.453509867191315,11.166963959112763,95.18547058105469,27.968469619750977,25.03879165649414,24.503948211669922
422000000001,7.1635466,27.436227798461914,48.528507351875305,18.045837059617043,92.17759966850281,25.542842864990234,23.281587600708008,19.149442672729492
423000000001,5.0699887,23.860456466674805,87.47885376214981,41.11063666641712,74.88776445388794,30.232746124267578,27.76278305053711,20.854528427124023
424000000000,131.32962,24.23768424987793,42.840924113988876,37.690463941544294,83.59467387199402,24.0800838470459,21.00699806213379,21.189308166503906
511000000000,0.8255507,41.252506256103516,1.9223468843847513,0.7494614692404866,99.75017309188843,25.67310333251953,21.722808837890625,21.694963455200195
511000000004,14.002782,20.853580474853516,90.13466536998749,82.15649984776974,74.12694692611694,26.124969482421875,26.276409149169922,20.849525451660156
512000000003,6.992911,27.565269470214844,48.88457804918289,17.517535015940666,87.49936819076538,26.121341705322266,26.919715881347656,16.858963012695312
513000000003,22.104052,21.456079483032227,156.41172230243683,71.51415105909109,79.47176694869995,29.453468322753906,28.472856521606445,11.651853561401367
514000000002,7.646959,20.40735626220703,77.50015705823898,91.04673750698566,71.33373618125916,31.74614906311035,31.080902099609375,20.3701229095459
521000000002,19.664095,25.903953552246094,75.01481473445892,25.68056806921959,90.26996493339539,26.390853881835938,25.009553909301758,26.095108032226562
522000000001,29.455967,21.41714859008789,198.39726388454437,72.1580907702446,74.18548464775085,28.718433380126953,31.304370880126953,7.412278652191162
523000000001,30.131807,30.120267868041992,10.14862209558487,9.726868011057377,95.96724510192871,29.70280647277832,30.396703720092773,29.718435287475586
524000000000,13.958236,nan,nan,nan,nan,23.603721618652344,24.90108871459961,24.90108871459961
611000000000,14.052127,29.694805145263672,65.69234281778336,10.728013003244996,94.39032077789307,23.634122848510742,20.90715980529785,13.801355361938477
611000000004,32.65447,30.744243621826172,43.363120406866074,8.425109554082155,73.88782501220703,31.309154510498047,30.13349723815918,22.13853645324707
612000000003,19.058096,24.823579788208008,85.25942265987396,32.9338014125824,88.44525218009949,30.59217643737793,25.815778732299805,17.91358757019043
613000000003,25.080652,27.788488388061523,79.01390641927719,16.63991599343717,84.73711013793945,24.854360580444336,22.85645294189453,24.726757049560547
614000000002,14.7224655,31.040142059326172,43.732352554798126,7.870194967836142,98.28087091445923,20.62757682800293,21.866127014160156,22.4931640625
621000000002,6.022345,29.655195236206055,24.480747058987617,10.826303623616695,96.71247005462646,23.108123779296875,23.769838333129883,21.217988967895508
622000000001,9.017214,23.184898376464844,79.20628041028976,48.02970681339502,84.09651517868042,23.359045028686523,22.864866256713867,20.477779388427734
623000000001,12.251086,22.736045837402344,121.17057293653488,53.259278647601604,86.06554865837097,26.06874656677246,27.043415069580078,23.485231399536133
624000000000,17.734968,28.20078468322754,32.85260498523712,15.132868429645896,94.8371171951294,23.12819480895996,23.35906410217285,25.611055374145508
711000000000,19.958454,40.347171783447266,9.20272246003151,0.9231721196556464,99.26928877830505,24.531042098999023,28.631423950195312,25.892501831054688
711000000004,11.322,30.791269302368164,39.387498050928116,8.334372541867197,96.97375297546387,24.09305191040039,25.78829002380371,24.21442985534668
712000000003,13.005358,27.1966552734375,74.4062066078186,19.069287227466702,93.22816729545593,27.619487762451172,39.326412200927734,27.85913848876953
713000000003,33.45552,20.664180755615234,191.0247802734375,85.8186837285757,75.7455050945282,22.816511154174805,24.228404998779297,21.423717498779297
714000000002,9.927086,24.444211959838867,92.93398261070251,35.94005247578025,85.25981903076172,28.545677185058594,28.303071975708008,22.037128448486328
721000000002,12.139415,24.75168228149414,95.52596509456635,33.4835727699101,89.02570009231567,28.330469131469727,28.14955711364746,27.367759704589844
722000000001,18.135756,24.96040916442871,82.55138993263245,31.912364065647125,92.13136434555054,20.62944793701172,15.629559516906738,17.70545196533203
723000000001,19.818232,22.102476119995117,134.6074342727661,61.62433419376612,83.14450979232788,24.87190055847168,27.978042602539062,17.715675354003906
724000000000,39.291023,25.259382247924805,82.38796144723892,29.78938864544034,94.30879354476929,24.01203155517578,23.78910255432129,24.393707275390625
811000000000,8.585018,23.563779830932617,71.45238667726517,44.01714075356722,89.94587659835815,22.558290481567383,20.01386260986328,8.165660858154297
811000000004,19.560387,24.572223663330078,32.90921822190285,34.896160941571,90.18222689628601,30.465423583984375,28.408437728881836,28.209697723388672
811000000009,9.262238,22.091991424560547,32.01710805296898,61.773303896188736,91.15724563598633,26.628376007080078,26.569377899169922,18.222034454345703
812000000004,16.761557,22.693498611450195,105.36543279886246,53.78363188356161,85.15869975090027,23.246715545654297,22.477609634399414,18.580806732177734
812000000008,29.31582,25.45212745666504,39.327215403318405,28.49621931090951,92.92178153991699,21.43265151977539,34.441436767578125,27.324766159057617
813000000003,42.7598,28.14667320251465,52.895475178956985,15.322599792852998,89.10887241363525,23.20154571533203,23.400930404663086,25.289785385131836
813000000008,17.403164,26.125131607055664,35.477831959724426,24.405447766184807,90.47138094902039,27.096891403198242,25.38408088684082,15.761746406555176
814000000002,23.471525,27.12346839904785,52.27988585829735,19.39336769282818,92.92718768119812,26.461748123168945,24.26739501953125,23.13312530517578
814000000007,8.892904,26.83582305908203,46.11808806657791,20.721331238746643,92.71003603935242,25.414852142333984,21.26905632019043,21.85004997253418
821000000002,13.84514,nan,nan,nan,nan,24.20464515686035,22.317522048950195,22.317522048950195
821000000007,6.2953296,25.667911529541016,40.49607738852501,27.114942204207182,92.26080775260925,25.934499740600586,25.835975646972656,21.113277435302734
822000000001,7.7258444,26.829547882080078,30.174752697348595,20.751284901052713,90.68365097045898,28.7869930267334,28.79737091064453,26.26995086669922
822000000006,16.864061,28.63946533203125,29.147889465093613,13.678967952728271,93.3262825012207,20.71031379699707,20.07787322998047,29.03847312927246
823000000001,32.324684,24.03017234802246,37.17263415455818,39.53507635742426,86.14144325256348,25.536043167114258,27.578866958618164,23.60035514831543
823000000005,21.77006,21.80885887145996,56.633371859788895,65.9346953034401,85.47600507736206,24.226858139038086,22.620803833007812,20.942747116088867
824000000000,22.74042,24.327701568603516,102.60925441980362,36.91727528348565,91.60487055778503,20.871505737304688,26.9615535736084,27.508487701416016
824000000005,12.286761,31.504806518554688,15.429812483489513,7.071624859236181,96.81040644645691,28.45729637145996,28.399566650390625,22.232215881347656
911000000000,8.405642,nan,nan,nan,nan,27.278310775756836,30.174097061157227,30.174097061157227
911000000004,6.47784,nan,nan,nan,nan,25.435728073120117,28.689170837402344,28.689170837402344
911000000009,15.263073,nan,nan,nan,nan,24.25992202758789,28.080541610717773,28.080541610717773
912000000004,15.813781,nan,nan,nan,nan,27.654569625854492,25.975019454956055,25.975019454956055
912000000008,25.761595,nan,nan,nan,nan,24.912675857543945,30.477922439575195,30.477922439575195
913000000003,28.980572,nan,nan,nan,nan,19.77992820739746,25.510427474975586,25.510427474975586
913000000008,10.818281,nan,nan,nan,nan,27.44658660888672,28.549760818481445,28.549760818481445
914000000002,6.765392,nan,nan,nan,nan,24.19037437438965,25.87546730041504,25.87546730041504
914000000007,17.848331,nan,nan,nan,nan,24.09084701538086,25.199901580810547,25.199901580810547
921000000002,23.924845,nan,nan,nan,nan,33.42213439941406,33.49922180175781,33.49922180175781
921000000007,39.833973,nan,nan,nan,nan,28.384096145629883,29.748661041259766,29.748661041259766
922000000001,43.70849,nan,nan,nan,nan,25.032155990600586,32.55093765258789,32.55093765258789
922000000006,13.362945,nan,nan,nan,nan,22.14920997619629,25.47016716003418,25.47016716003418
923000000001,7.554296,nan,nan,nan,nan,20.079004287719727,20.196260452270508,20.196260452270508
923000000005,9.409805,nan,nan,nan,nan,26.262062072753906,24.524730682373047,24.524730682373047
924000000000,17.030846,nan,nan,nan,nan,24.67119598388672,24.27082061767578,24.27082061767578
924000000005,8.643404,nan,nan,nan,nan,26.007301330566406,26.848358154296875,26.848358154296875
