file_id,vaebound|structure_distance,vaebound|psnr_unedit_part,vaebound|lpips_unedit_part,vaebound|mse_unedit_part,vaebound|ssim_unedit_part,vaebound|clip_similarity_source_image,vaebound|clip_similarity_target_image,vaebound|clip_similarity_target_image_edit_part
000000000000,0.14741851,39.06020736694336,3.173916367813945,1.241593126906082,96.69973254203796,24.254085540771484,21.89583396911621,22.160171508789062
000000000004,0.16589944,42.73509216308594,3.1629367731511593,0.5327097096596844,98.38718175888062,27.585750579833984,22.62117576599121,24.13531494140625
000000000009,0.025194267,45.513938903808594,1.447874354198575,0.2809351462929044,99.63189363479614,26.778465270996094,20.327495574951172,19.945730209350586
000000000014,0.93818504,41.90776443481445,6.768886931240559,0.6445005419664085,97.58283495903015,19.275184631347656,19.72284698486328,20.17230987548828
000000000018,0.15518793,36.60734558105469,6.021370179951191,2.184062759624794,97.08606600761414,26.482135772705078,23.456127166748047,20.266210556030273
000000000023,0.2782222,30.73272132873535,15.66440612077713,8.44749331008643,86.11418604850769,25.0826473236084,25.865495681762695,25.19024085998535
000000000028,0.12074124,nan,nan,nan,nan,25.335756301879883,23.1834659576416,23.1834659576416
000000000032,0.21103035,37.6701774597168,5.992824211716652,1.7099450633395463,96.71022295951843,21.087308883666992,17.33331871032715,13.486287117004395
000000000037,0.31098846,26.04306411743164,27.646057307720184,24.871013592928648,82.57936835289001,23.927160263061523,23.812583923339844,13.538578033447266
000000000042,0.38533834,38.478267669677734,12.403764761984348,1.4196228585205972,96.09352350234985,24.56931495666504,24.435985565185547,21.910200119018555
000000000046,0.14467084,nan,nan,nan,nan,25.125455856323242,23.248428344726562,23.248428344726562
000000000051,1.04296,34.64054489135742,11.764289811253548,3.4351475187577307,96.35154604911804,28.493249893188477,25.992467880249023,19.961380004882812
000000000056,3.917206,30.59300994873047,14.28583636879921,8.723665378056467,85.53606271743774,29.572147369384766,25.170082092285156,18.97469711303711
000000000060,0.13453472,45.9494514465332,1.6415980644524097,0.2541293542890344,99.2401123046875,26.358322143554688,20.998674392700195,21.991491317749023
000000000065,0.12282076,33.34419631958008,14.122486114501953,4.629991017282009,95.18324732780457,23.795291900634766,24.30965232849121,17.668737411499023
000000000070,0.0159645,nan,nan,nan,nan,27.19322395324707,28.73925018310547,28.73925018310547
000000000074,0.24303502,36.811248779296875,5.815877113491297,2.08389014005661,97.12909460067749,22.422426223754883,21.454683303833008,23.105791091918945
000000000079,0.44713134,nan,nan,nan,nan,25.22629165649414,23.241931915283203,23.241931915283203
000000000084,0.041753203,40.656517028808594,3.613019362092018,0.8597026317147538,98.38666915893555,28.826274871826172,23.914653778076172,23.11960792541504
000000000088,0.38708884,24.693464279174805,29.01267074048519,33.935431856662035,71.01657390594482,26.808324813842773,23.944063186645508,16.528051376342773
000000000093,0.3764851,43.53318786621094,1.8728442955762148,0.44328291551209986,99.46122169494629,23.494312286376953,10.428177833557129,10.603131294250488
000000000098,0.43615282,45.616790771484375,3.671011421829462,0.2743599907262251,98.10489416122437,27.847599029541016,21.7762451171875,22.152339935302734
000000000102,0.12980314,40.491058349609375,2.482861978933215,0.8930874901125208,98.36959838867188,30.448509216308594,20.73960304260254,20.877140045166016
000000000107,0.14208412,29.497785568237305,17.987282946705818,11.225902708247304,91.37479662895203,23.623403549194336,22.59811782836914,21.674409866333008
000000000112,0.25656044,26.170574188232422,25.654200464487076,24.151410907506943,88.17445635795593,28.90278434753418,27.60437774658203,24.5613956451416
000000000116,0.08601483,31.28299903869629,11.514703743159771,7.442179485224187,95.74048519134521,27.407424926757812,21.284788131713867,11.968259811401367
000000000121,0.08548182,nan,nan,nan,nan,31.36351776123047,26.486915588378906,26.486915588378906
000000000126,0.21720803,nan,nan,nan,nan,22.226985931396484,18.436630249023438,18.436630249023438
000000000130,0.10357271,38.05580139160156,6.332098506391048,1.5646597603335977,97.82754778862,29.824501037597656,29.74927520751953,22.40699005126953
000000000135,0.2828169,37.233482360839844,8.169720880687237,1.89082624274306,97.37801551818848,27.799617767333984,25.51974868774414,21.10943031311035
111000000000,0.12571688,33.88172912597656,5.238475278019905,4.090976435691118,92.92635917663574,23.034358978271484,15.184852600097656,14.553642272949219
111000000004,0.10743571,31.25905990600586,8.183558471500874,7.483311928808689,93.76852512359619,32.126346588134766,28.78311538696289,13.747602462768555
111000000009,0.15864459,34.61173629760742,7.676523178815842,3.4580088686197996,93.68534088134766,24.936857223510742,16.455598831176758,16.21944236755371
112000000004,0.2271314,33.80866622924805,6.709659472107887,4.160382959526032,96.22213244438171,25.950183868408203,23.552824020385742,12.957382202148438
112000000008,0.13588867,36.85210418701172,6.663360167294741,2.064379514195025,97.31618762016296,30.590932846069336,24.209447860717773,25.909883499145508
113000000003,0.37023833,38.41304397583008,4.951711278408766,1.4411038137041032,97.82813787460327,26.26559829711914,22.726852416992188,22.898462295532227
113000000008,0.22622758,30.033594131469727,11.464034207165241,9.922940516844392,92.71186590194702,26.083946228027344,22.640525817871094,17.544652938842773
114000000002,0.26242983,36.751014709472656,8.826895616948605,2.1129946981091052,96.73579931259155,26.985586166381836,22.08445930480957,20.72718048095703
114000000007,0.2153574,31.25804328918457,11.446296237409115,7.485065725632012,92.3646867275238,26.927757263183594,19.439037322998047,14.718558311462402
121000000002,0.2948306,28.594758987426758,21.55805006623268,13.820506865158677,83.71371030807495,23.946714401245117,16.873859405517578,15.614019393920898
121000000007,0.27068976,39.712615966796875,4.658497869968414,1.0684109292924404,98.27781915664673,25.938459396362305,22.84501838684082,16.091575622558594
122000000001,0.2235873,34.00924301147461,9.607355110347271,3.972604463342577,96.31751775741577,23.77091407775879,14.666950225830078,14.642799377441406
122000000006,0.2513035,33.14793014526367,8.822266943752766,4.844031354878098,94.37910914421082,29.633272171020508,22.829206466674805,17.138320922851562
123000000001,0.097665265,43.0250129699707,13.792160898447037,0.49830869102152064,98.52344393730164,26.40603256225586,21.325380325317383,16.473554611206055
123000000005,0.5791943,30.48965835571289,15.701280906796455,8.933756616897881,90.82485437393188,23.043977737426758,16.303396224975586,15.849332809448242
124000000000,1.1643612,37.20998764038086,7.476959377527237,1.901081996038556,97.49090075492859,26.313907623291016,22.902318954467773,20.10567855834961
124000000005,0.4110339,32.61697006225586,24.629464372992516,5.473975325003266,89.15664553642273,28.16678810119629,22.076568603515625,22.83702278137207
211000000000,0.42860648,40.322879791259766,3.458840074017644,0.9283499821322039,98.43670725822449,27.898239135742188,27.025836944580078,26.730037689208984
211000000004,0.093488574,nan,nan,nan,nan,29.888212203979492,26.541027069091797,26.541027069091797
211000000009,0.8202073,40.36568832397461,3.743596374988556,0.919244994292967,98.42641353607178,32.233619689941406,30.392513275146484,31.84615707397461
212000000004,0.07216819,35.47431564331055,5.226924549788237,2.8350981301628053,98.15375804901123,27.7395076751709,22.173694610595703,11.297222137451172
212000000008,0.21459772,nan,nan,nan,nan,18.980731964111328,15.25216293334961,15.25216293334961
213000000003,0.15593377,nan,nan,nan,nan,25.329116821289062,26.46272850036621,26.46272850036621
213000000008,0.41695273,32.33084487915039,12.909824028611183,5.846759886480868,94.40444707870483,24.974472045898438,24.041988372802734,19.34131622314453
214000000002,0.37858233,41.44465255737305,5.132485181093216,0.717025832273066,98.3724057674408,28.13837242126465,28.317434310913086,24.37652587890625
214000000007,0.13136224,nan,nan,nan,nan,23.678991317749023,23.386201858520508,23.386201858520508
221000000002,0.046464115,37.19044876098633,9.385839104652405,1.909656566567719,94.78186964988708,26.683156967163086,25.129899978637695,23.541318893432617
221000000007,0.21492001,nan,nan,nan,nan,27.699220657348633,23.472156524658203,23.472156524658203
222000000001,0.096601024,42.065673828125,3.865450620651245,0.62148756114766,99.15666580200195,23.354278564453125,22.464326858520508,23.15127944946289
222000000006,0.52650565,39.64090347290039,7.882146164774895,1.0861994087463245,97.80816435813904,17.99535369873047,18.73089027404785,18.278173446655273
223000000001,0.029273408,44.74608612060547,5.172682460397482,0.33526725019328296,99.54813718795776,25.897180557250977,27.065593719482422,25.01957130432129
223000000005,0.07253622,nan,nan,nan,nan,21.244783401489258,21.368305206298828,21.368305206298828
224000000000,0.09633587,43.14185333251953,4.346915986388922,0.4850808545597829,99.05869364738464,25.185997009277344,19.410261154174805,19.067840576171875
224000000005,0.13531566,42.77459716796875,5.324375815689564,0.5278860044199973,99.30108785629272,27.30318260192871,26.10120391845703,25.568655014038086
311000000000,0.041901268,40.49937057495117,1.772788935340941,0.8913795318221673,98.83112907409668,28.34686279296875,20.7429256439209,10.755009651184082
311000000004,0.05143484,33.63284683227539,7.2637260891497135,4.33226436143741,96.9886302947998,32.335941314697266,29.994430541992188,17.438154220581055
311000000009,0.9937923,42.493751525878906,4.559703636914492,0.5631506428471766,95.23978233337402,25.653827667236328,25.188440322875977,24.614044189453125
312000000004,0.075639725,36.26524353027344,5.018397234380245,2.363064559176564,97.76020050048828,33.54439163208008,24.830772399902344,15.676718711853027
312000000008,0.12816478,30.717981338500977,10.379648767411709,8.476213552057743,93.01235675811768,25.897621154785156,23.899612426757812,12.351157188415527
313000000003,0.2937744,26.344091415405273,22.894496098160744,23.205499164760113,81.52167201042175,24.440221786499023,22.763038635253906,18.261695861816406
313000000008,1.0975573,33.30787658691406,9.820458479225636,4.668876063078642,95.26885747909546,26.677942276000977,27.1047420501709,16.963720321655273
314000000002,0.24646057,38.08539581298828,7.349582388997078,1.5540345339104533,97.95044660568237,25.91021728515625,24.64925193786621,19.35617446899414
314000000007,0.15003747,30.096799850463867,19.674113020300865,9.779572719708085,88.4719729423523,22.87525749206543,21.3741397857666,16.832578659057617
321000000002,0.25216454,32.26245880126953,3.789312904700637,5.939558031968772,98.6304521560669,28.56386375427246,28.87694549560547,21.886943817138672
321000000007,0.18849953,32.456398010253906,16.88142493367195,5.68015209864825,93.34751963615417,30.77129364013672,15.30120849609375,14.18622875213623
322000000001,0.2680103,37.462677001953125,8.686245419085026,1.7936270160134882,97.05893397331238,24.407901763916016,23.85512351989746,9.227219581604004
322000000006,0.14194013,37.480194091796875,4.09616157412529,1.7864082474261522,97.9206919670105,26.285850524902344,14.386822700500488,12.887041091918945
323000000001,0.12738138,34.06958770751953,11.341499164700508,3.9177885628305376,94.58389282226562,31.299745559692383,30.503671646118164,7.329343318939209
323000000005,0.1922628,30.373279571533203,11.104782111942768,9.176394087262452,95.06458044052124,25.02486801147461,25.204313278198242,26.77263641357422
324000000000,0.14175814,41.032508850097656,5.333848297595978,0.788403776823543,96.73563838005066,29.483165740966797,18.045631408691406,18.365482330322266
324000000005,0.26585558,29.302034378051758,16.393374651670456,11.743466602638364,92.12589263916016,29.44573974609375,30.258195877075195,15.776459693908691
411000000000,0.051162332,33.16504669189453,6.323785521090031,4.8249782412312925,96.88674807548523,30.818017959594727,30.60845375061035,18.675479888916016
411000000004,0.34877124,33.27376174926758,7.160080596804619,4.705694445874542,95.1516330242157,32.44638442993164,25.781959533691406,18.551557540893555
412000000003,0.21118206,37.31857681274414,11.352439410984516,1.854138245107606,94.27468776702881,25.79702377319336,28.05293846130371,22.027685165405273
413000000003,0.25445783,32.835323333740234,8.673213422298431,5.205562338232994,93.5948133468628,29.29642105102539,22.33367919921875,17.8957462310791
414000000002,0.20340589,33.68830108642578,3.7180446088314056,4.277299158275127,97.88017272949219,27.00579833984375,26.144132614135742,22.22452735900879
421000000002,1.112121,38.558406829833984,6.41055591404438,1.3936677714809775,97.87892699241638,27.968469619750977,24.765451431274414,25.420156478881836
422000000001,0.22912204,37.0405158996582,7.319684140384197,1.9767337653320283,96.73909544944763,25.542842864990234,21.709232330322266,21.67703628540039
423000000001,0.12012691,28.62615203857422,13.806607574224472,13.720964780077338,86.48978471755981,30.232746124267578,29.689289093017578,24.531034469604492
424000000000,11.258095,29.48019790649414,17.629513517022133,11.271457187831402,87.93918490409851,24.0800838470459,22.425395965576172,20.49930763244629
511000000000,0.012009839,43.335166931152344,0.7589661981910467,0.4639627513824962,99.88044500350952,25.67310333251953,22.777029037475586,21.554655075073242
511000000004,3.6923158,28.957271575927734,14.568554237484932,12.713725445792079,86.1855685710907,26.124969482421875,26.530624389648438,19.966333389282227
512000000003,0.4534738,31.34632110595703,17.59432628750801,7.334453403018415,91.49985313415527,26.121341705322266,24.514278411865234,17.473665237426758
513000000003,0.31529802,34.43266296386719,8.79576988518238,3.6035748780705035,95.0441300868988,29.453468322753906,28.37758445739746,8.04403018951416
514000000002,0.3196709,23.026220321655273,29.665963724255562,49.81704521924257,78.66910696029663,31.74614906311035,31.331682205200195,18.078153610229492
521000000002,0.12193571,33.75119400024414,10.382816195487976,4.215805965941399,95.24040222167969,26.390853881835938,26.285890579223633,25.573688507080078
522000000001,0.28323883,30.028392791748047,22.40130677819252,9.934833506122231,89.0172004699707,28.718433380126953,29.311731338500977,15.417978286743164
523000000001,0.17627895,34.77328872680664,2.2036265581846237,3.331738116685301,97.74193167686462,29.70280647277832,28.93642807006836,27.512693405151367
524000000000,0.50964206,nan,nan,nan,nan,23.603721618652344,25.23704719543457,25.23704719543457
611000000000,0.39765674,40.33332443237305,4.803981631994247,0.9261202649213374,98.45305681228638,23.634122848510742,21.41755485534668,14.044751167297363
611000000004,18.54602,38.38545608520508,27.771128341555595,1.4502873818855733,83.8818907737732,31.309154510498047,29.126115798950195,19.832530975341797
612000000003,0.21699624,37.270347595214844,6.8038459867239,1.8748438742477447,97.06945419311523,30.59217643737793,24.675884246826172,19.525707244873047
613000000003,0.48381892,34.99406433105469,8.10183770954609,3.166602982673794,94.90400552749634,24.854360580444336,22.855531692504883,23.936674118041992
614000000002,0.25000045,46.56806564331055,4.158808849751949,0.22039084797143005,99.3265151977539,20.62757682800293,20.52806854248047,20.560619354248047
621000000002,0.20959194,37.883575439453125,5.294899456202984,1.6279543342534453,97.87859320640564,23.108123779296875,18.075218200683594,18.469911575317383
622000000001,0.24529006,29.62983512878418,20.540939643979073,10.889709228649735,91.6628360748291,23.359045028686523,20.12051010131836,16.531906127929688
623000000001,0.14586028,35.6562385559082,12.562700547277927,2.7187910745851696,93.88057589530945,26.06874656677246,25.875595092773438,23.93044662475586
624000000000,0.32035857,35.596946716308594,6.1715031042695045,2.7561670867726207,97.8631854057312,23.12819480895996,22.721342086791992,24.398231506347656
711000000000,0.1072377,46.796268463134766,0.4402963095344603,0.20910892999381758,99.90234375,24.531042098999023,22.0333194732666,21.31662940979004
711000000004,0.27078384,42.90372085571289,5.005268845707178,0.5124221206642687,99.16626214981079,24.09305191040039,21.535249710083008,21.944677352905273
712000000003,0.21136929,37.544151306152344,7.987181656062603,1.7602932348381728,97.48284816741943,27.619487762451172,27.41543960571289,28.920167922973633
713000000003,0.36797807,32.027164459228516,16.541041433811188,6.270229932852089,92.87302494049072,22.816511154174805,26.27507781982422,20.510784149169922
714000000002,0.33157817,31.923330307006836,16.56373403966427,6.4219493651762605,93.25024485588074,28.545677185058594,27.498977661132812,20.790742874145508
721000000002,0.19073683,32.76087188720703,10.917974635958672,5.295572918839753,94.3253219127655,28.330469131469727,28.387737274169922,25.341215133666992
722000000001,0.09859064,42.51348114013672,2.3797901812940836,0.5605984551948495,99.17755126953125,20.62944793701172,13.359292984008789,11.794166564941406
723000000001,0.15210296,32.62827682495117,12.095846235752106,5.459742969833314,94.3917453289032,24.87190055847168,24.536725997924805,13.624238967895508
724000000000,0.2224401,44.506935119628906,5.062641575932503,0.35424716770648956,99.42970275878906,24.01203155517578,23.004575729370117,21.876617431640625
811000000000,0.023696266,36.111515045166016,4.257601220160723,2.448206359986216,97.60357737541199,22.558290481567383,19.23517608642578,10.156466484069824
811000000004,0.93034065,32.96678924560547,5.1994891837239265,5.0503440434113145,96.54958248138428,30.465423583984375,27.606735229492188,27.01022720336914
811000000009,0.076019,30.62786293029785,6.153268273919821,8.65393492858857,96.73900604248047,26.628376007080078,25.690946578979492,16.324161529541016
812000000004,0.27733546,34.46626281738281,9.424497373402119,3.5758010926656425,95.84540128707886,23.246715545654297,19.740571975708008,13.104621887207031
812000000008,1.638315,36.4111442565918,4.083041567355394,2.284997171955183,97.98780679702759,21.43265151977539,22.332393646240234,18.42441177368164
813000000003,1.3309245,36.74712371826172,6.083700340241194,2.1148893574718386,94.91500854492188,23.20154571533203,23.11491584777832,22.45728302001953
813000000008,0.34253582,38.02083206176758,2.7130269445478916,1.5773090126458555,96.74176573753357,27.096891403198242,24.489965438842773,13.43189811706543
814000000002,1.1594228,45.22874450683594,1.8272208981215954,0.30000292099430226,99.59163069725037,26.461748123168945,25.06624984741211,23.845123291015625
814000000007,0.19516559,35.466732025146484,6.293286569416523,2.840055094566196,96.27068042755127,25.414852142333984,20.623645782470703,21.668964385986328
821000000002,0.17639342,nan,nan,nan,nan,24.20464515686035,23.046764373779297,23.046764373779297
821000000007,0.19211493,32.54115676879883,9.20717604458332,5.570372450165451,95.9300696849823,25.934499740600586,25.930875778198242,20.176172256469727
822000000001,0.48322996,32.31716537475586,9.388192556798458,5.8652093866840005,94.1278338432312,28.7869930267334,27.512836456298828,23.684667587280273
822000000006,0.1266486,36.87734603881836,5.4213423281908035,2.0524137653410435,97.04949259757996,20.71031379699707,16.77951431274414,22.83056640625
823000000001,0.51308936,29.044057846069336,8.993142284452915,12.46218103915453,89.67392444610596,25.536043167114258,25.365156173706055,23.9864559173584
823000000005,0.82114524,26.566082000732422,12.921488843858242,22.049136459827423,92.01075434684753,24.226858139038086,20.95808219909668,16.757341384887695
824000000000,0.23269022,41.22215270996094,6.608110852539539,0.7547179848188534,98.03727865219116,20.871505737304688,18.463542938232422,16.411142349243164
824000000005,0.08715144,35.84410095214844,3.017376409843564,2.60369386523962,98.28780889511108,28.45729637145996,24.717987060546875,19.16846466064453
911000000000,0.23077197,nan,nan,nan,nan,27.278310775756836,28.519287109375,28.519287109375
911000000004,0.18400249,nan,nan,nan,nan,25.435728073120117,26.168760299682617,26.168760299682617
911000000009,0.12733176,nan,nan,nan,nan,24.25992202758789,25.590347290039062,25.590347290039062
912000000004,0.39512974,nan,nan,nan,nan,27.654569625854492,24.257783889770508,24.257783889770508
912000000008,0.23317173,nan,nan,nan,nan,24.912675857543945,18.762237548828125,18.762237548828125
913000000003,0.20156707,nan,nan,nan,nan,19.77992820739746,22.471050262451172,22.471050262451172
913000000008,0.30966702,nan,nan,nan,nan,27.44658660888672,27.888744354248047,27.888744354248047
914000000002,0.89303553,nan,nan,nan,nan,24.19037437438965,25.869243621826172,25.869243621826172
914000000007,0.28525215,nan,nan,nan,nan,24.09084701538086,22.692785263061523,22.692785263061523
921000000002,0.2775325,nan,nan,nan,nan,33.42213439941406,32.33416748046875,32.33416748046875
921000000007,1.8952415,nan,nan,nan,nan,28.384096145629883,23.754919052124023,23.754919052124023
922000000001,0.44198895,nan,nan,nan,nan,25.032155990600586,19.647022247314453,19.647022247314453
922000000006,0.09757411,nan,nan,nan,nan,22.14920997619629,17.886062622070312,17.886062622070312
923000000001,0.0669118,nan,nan,nan,nan,20.079004287719727,17.834503173828125,17.834503173828125
923000000005,0.16887243,nan,nan,nan,nan,26.262062072753906,22.5244140625,22.5244140625
924000000000,0.17316175,nan,nan,nan,nan,24.67119598388672,19.989261627197266,19.989261627197266
924000000005,0.32746205,nan,nan,nan,nan,26.007301330566406,25.7650146484375,25.7650146484375
